City,Sub_Category,Total_Sales,Total_Profit,Total_Quantity,Avg_Days_to_Ship
Mesquite,Binders,0.88,-1.4,1,0
Loveland,Binders,1.19,-0.99,2,3
Abilene,Appliances,1.39,-3.76,2,2
Memphis,Accessories,1.58,0.48,2,5
Brownsville,Supplies,1.74,-0.35,1,2
Santa Barbara,Fasteners,1.81,0.65,1,4
Madison,Fasteners,1.81,0.65,1,0
Elyria,Binders,1.82,-1.4,1,4
Sheboygan,Accessories,1.98,0.89,2,6
Fort Worth,Furnishings,1.99,-1.44,1,1
Jupiter,Art,2.06,0.15,1,5
Edinburg,Binders,2.07,-3.41,1,2
Chico,Art,2.21,0.6,1,4
Pensacola,Binders,2.21,-1.48,3,2
Cranston,Appliances,2.22,0.67,1,1
Round Rock,Fasteners,2.3,0.78,1,5
Glendale,Fasteners,2.37,0.83,2,7
Edinburg,Fasteners,2.37,0.83,2,4
Pompano Beach,Accessories,2.38,0.74,3,5
Richmond,Fasteners,2.52,0.1,2,6
Louisville,Labels,2.61,1.2,1,6
Daytona Beach,Art,2.62,0.43,1,4
Waco,Binders,2.63,-4.47,3,2.5
Port Saint Lucie,Binders,2.69,-2.25,2,4
Tyler,Appliances,2.69,-7.39,3,5
Buffalo,Art,2.78,0.72,2,2
Tallahassee,Furnishings,2.78,0.42,2,3
Ormond Beach,Binders,2.81,-1.97,3,6
Newport News,Art,2.84,0.88,1,5
Des Plaines,Binders,2.89,-4.92,3,3
Tampa,Envelopes,2.9,0.98,1,3
Woodstock,Art,2.91,0.91,2,5
Homestead,Supplies,2.94,-0.66,1,5
Sioux Falls,Accessories,2.97,1.31,3,4
Lorain,Phones,2.97,-0.64,1,4
Clarksville,Labels,3,1.05,1,4
Loveland,Fasteners,3.02,-0.6,3,4
La Crosse,Art,3.04,1.03,1,5
Leominster,Labels,3.15,1.51,1,4
Fort Worth,Appliances,3.16,-8.53,4,4
Fort Collins,Binders,3.17,-2.53,4,2
Thomasville,Binders,3.2,-2.46,2,5
Boise,Binders,3.3,1.12,1,4
Tempe,Binders,3.37,-2.24,3,0
Plano,Binders,3.39,-5.09,4,4
Pueblo,Art,3.41,0.89,1,2
Tamarac,Binders,3.44,-2.53,1,2
League City,Fasteners,3.49,0.57,2,4
Allentown,Supplies,3.49,-0.7,2,4
Lawton,Art,3.52,1.69,2,7
San Antonio,Fasteners,3.55,1.24,3,5
Huntsville,Fasteners,3.62,1.19,2,4
San Luis Obispo,Fasteners,3.62,1.19,2,5
Reno,Art,3.64,1.64,2,6
Grove City,Binders,3.65,-2.8,2,3
Grand Prairie,Binders,3.66,-5.85,4,5
Woodland,Labels,3.75,1.8,1,2
Virginia Beach,Fasteners,3.76,1.32,2,7
Oswego,Binders,3.83,-6.51,3,7
Everett,Binders,3.86,1.4,1,4
Midland,Art,3.9,1.52,2,6
Hillsboro,Binders,4.16,-3.47,7,4
Allentown,Art,4.16,0.36,2,5
Carlsbad,Art,4.17,1.08,3,4
Auburn,Furnishings,4.18,1.5,1,6
Johnson City,Art,4.22,0.48,3,6
Springdale,Art,4.3,1.42,2,4
Lowell,Supplies,4.36,0.17,2,2
Redondo Beach,Fasteners,4.36,1.79,2,1
Altoona,Binders,4.42,-3.39,3,1
El Paso,Binders,4.43,-6.86,3,4
Saint Petersburg,Art,4.45,0.33,2,4
Phoenix,Fasteners,4.46,-0.95,3,4
Hickory,Binders,4.57,-3.81,4,6
Raleigh,Labels,4.61,1.67,2,2
Boca Raton,Labels,4.61,1.67,2,2
Coral Springs,Labels,4.61,1.5,2,1
Westfield,Art,4.66,1.35,2,4
Reno,Fasteners,4.71,0,1,4
Gastonia,Storage,4.77,-0.77,2,6
Sanford,Binders,4.84,-3.55,3,4
San Antonio,Appliances,4.84,-12.09,2,4
Orange,Labels,4.91,2.41,1,5
Fairfield,Art,4.91,0.31,2,4
Chattanooga,Labels,4.93,1.72,2,4
Layton,Fasteners,4.96,2.33,4,4
Westminster,Fasteners,4.96,2.33,4,4
Tigard,Binders,5.02,-3.52,1,4
West Jordan,Fasteners,5.04,0.2,3,6
Cleveland,Labels,5.04,1.76,2,4
Salinas,Art,5.16,1.34,2,5
Mesquite,Paper,5.18,1.81,1,5
Deltona,Binders,5.18,-3.63,6,4
Huntington Beach,Labels,5.22,2.4,2,6
Austin,Art,5.25,0.59,2,6
Parma,Art,5.25,0.59,2,7
Bellevue,Art,5.28,1.53,3,7
Georgetown,Art,5.28,2.53,3,4
Hialeah,Binders,5.39,-4.49,4,5
Burlington,Binders,5.4,2.59,3,3
El Paso,Appliances,5.43,-13.58,2,2
Mesquite,Accessories,5.54,1.66,7,4
Miami,Supplies,5.55,-1.04,2,4
Bowling Green,Binders,5.55,-4.07,3,5
Dublin,Fasteners,5.58,1.81,2,3
Danville,Fasteners,5.58,0.17,3,2
Marietta,Binders,5.64,2.71,3,4
Bossier City,Binders,5.64,2.71,3,2
Rancho Cucamonga,Labels,5.76,2.65,2,4
Manchester,Labels,5.76,2.82,2,2
Garden City,Art,5.76,1.73,2,3
Bolingbrook,Appliances,5.77,-13.55,2,0
Garden City,Fasteners,5.81,1.8,1,3
Carrollton,Binders,5.83,-10.04,5,5
Lansing,Fasteners,5.84,2.63,2,0
Pasco,Art,5.88,2.65,2,6
Austin,Supplies,5.89,-1.32,2,4
Cincinnati,Labels,5.9,1.99,2,4
Gilbert,Labels,5.9,1.99,2,4
Lafayette,Fasteners,5.94,0,3,4
Santa Ana,Fasteners,5.94,0,3,5
Sandy Springs,Accessories,5.95,0.83,1,7
Inglewood,Art,5.98,1.55,1,1
Sunnyvale,Binders,5.98,2.24,2,4
Keller,Labels,6,2.1,2,4
Highland Park,Binders,6.02,-9.16,7,5.5
Corpus Christi,Fasteners,6.05,-1.36,4,4
Durham,Binders,6.05,-4.23,7,3
Detroit,Fasteners,6.08,3.04,1,6
Torrance,Binders,6.1,2.21,2,7
Great Falls,Binders,6.1,2.21,2,5
Vineland,Labels,6.16,2.96,2,2
Lake Forest,Labels,6.16,2.96,2,4
New Albany,Furnishings,6.16,2.96,2,4
Arvada,Labels,6.26,2.04,3,2
Oceanside,Labels,6.3,3.02,2,3
Missouri City,Binders,6.37,-9.56,7,4
Mesquite,Furnishings,6.37,-2.55,2,4
Austin,Fasteners,6.390000000000001,1.04,4,4.5
Broken Arrow,Paper,6.48,3.11,1,6
Roseville,Fasteners,6.5,3.1399999999999997,4,5
Paterson,Fasteners,6.54,2.16,3,2
Sioux Falls,Fasteners,6.54,2.68,3,4
Muskogee,Art,6.56,1.9,2,5
Tallahassee,Art,6.58,0.58,3,6
Haltom City,Envelopes,6.61,2.15,2,7
Phoenix,Art,6.62,1.3299999999999998,4,4.333333333333333
Carrollton,Supplies,6.67,0.5,1,2
Denver,Supplies,6.8,0.51,1,4
Oklahoma City,Accessories,6.9,0.55,1,5
Miami,Fasteners,6.91,2.33,3,2
Bowling Green,Labels,6.91,2.51,3,2
Deer Park,Binders,6.92,-10.39,6,2
El Paso,Labels,6.94,2.34,3,4
Cedar Hill,Envelopes,7.08,2.48,3,4
Waco,Art,7.12,0.71,5,3
Aurora,Fasteners,7.14,1.67,4,5
Hoover,Binders,7.16,3.44,2,5
New Brunswick,Fasteners,7.16,3.58,2,5
Lorain,Fasteners,7.22,1.71,2,4
Nashville,Fasteners,7.24,1.18,5,4
Florence,Supplies,7.27,1.96,1,2
New Rochelle,Supplies,7.3,2.19,2,6
Fayetteville,Labels,7.31,3.44,1,4
Manchester,Supplies,7.36,0.15,2,0
Edmonds,Labels,7.38,3.47,2,4
Rockville,Binders,7.38,3.62,1,3
Fargo,Fasteners,7.41,3.48,3,2
Holland,Labels,7.5,3.6,2,4
Morristown,Fasteners,7.56,0.3,6,6
New Brunswick,Paper,7.61,3.58,1,5
North Miami,Supplies,7.63,-1.81,3,2
Redondo Beach,Envelopes,7.64,3.74,1,4
Mount Vernon,Binders,7.75,2.81,3,4
Port Orange,Envelopes,7.82,2.93,1,2
Moreno Valley,Fasteners,7.86,3.62,3,4
Rochester,Fasteners,7.9,2.53,2,0
Bullhead City,Envelopes,7.92,2.77,1,4
Visalia,Accessories,7.92,3.48,8,2
Paterson,Binders,7.96,3.74,2,2
Waterbury,Binders,7.96,3.74,2,5
Loveland,Paper,7.97,2.89,2,3
Chico,Phones,7.99,2.7,1,5
Austin,Furnishings,8,-7,1,6
Grapevine,Fasteners,8.04,2.91,5,4
Madison,Binders,8.26,3.88,2,0
Las Cruces,Art,8.28,3.48,2,5
Laredo,Paper,8.29,3,2,6
Billings,Binders,8.29,2.69,2,0
Cuyahoga Falls,Furnishings,8.35,1.25,6,6
Cary,Fasteners,8.38,2.72,3,4
Santa Fe,Art,8.4,2.18,5,5
Arlington,Labels,8.42,2.87,3,5
Johnson City,Binders,8.48,-6.42,7,4
West Allis,Binders,8.52,4.17,3,5
Garland,Furnishings,8.54,-7.48,2,2
Chandler,Furnishings,8.54,1.92,4,7
Des Plaines,Furnishings,8.54,-7.48,2,3
Corpus Christi,Binders,8.55,-13.68,2,4
Eagan,Paper,8.56,3.85,2,6
Laredo,Binders,8.58,-14.66,10,4
Beaumont,Furnishings,8.62,-2.59,7,2
Apple Valley,Art,8.64,2.51,3,6
Mission Viejo,Appliances,8.67,2.34,1,4
Plantation,Envelopes,8.69,2.93,3,5
Loveland,Envelopes,8.78,3.18,1,3
Allen,Binders,8.78,-13.62,4,1
Salem,Furnishings,8.8,3.87,5,6
Danville,Art,8.8,4.22,5,2
Marysville,Art,8.82,2.38,3,4
Columbia,Supplies,8.83,-1.99,3,5
Reading,Envelopes,8.86,2.88,3,2
Troy,Envelopes,8.87,3.22,1,6
Decatur,Envelopes,8.93,3.35,2,5
Mcallen,Storage,8.93,0.67,2,5
Romeoville,Binders,8.95,-14.77,2,4
Mobile,Furnishings,8.96,2.78,2,3
Santa Barbara,Paper,8.96,4.39,2,5
Saint Petersburg,Labels,9,3.15,3,4
Pasadena,Fasteners,9.02,3.52,2,4
Hialeah,Fasteners,9.08,3.07,4,3
Dublin,Accessories,9.1,1.71,1,6
Bedford,Art,9.18,2.87,7,2
Greenville,Labels,9.22,3.34,4,6
Nashville,Labels,9.22,3.34,4,6
Hollywood,Labels,9.22,3.34,4,6
Burlington,Envelopes,9.32,4.45,2,3.5
Bakersfield,Art,9.4,2.73,5,6
Tempe,Paper,9.41,3.41,2,3
Bethlehem,Appliances,9.48,0.71,3,1
Garden City,Paper,9.54,4.29,2,3
Gilbert,Paper,9.57,2.99,2,5
Washington,Binders,9.64,4.43,2,6
Virginia Beach,Binders,9.64,4.72,2,4
Medford,Binders,9.76,-6.83,2,5
Belleville,Labels,9.82,4.81,2,7
Taylor,Art,9.84,2.85,3,5
Plantation,Binders,9.9,-7.75,5,7
Delray Beach,Labels,9.91,3.22,3,3
Hollywood,Storage,9.95,1,1,4
Bolingbrook,Binders,9.98,-16.47,5,6
Iowa City,Paper,9.99,4.5,1,5
Clovis,Binders,10.08,3.53,7,4
Oak Park,Art,10.19,1.02,7,4
San Jose,Fasteners,10.23,4.91,3,1
Wilson,Paper,10.27,3.47,3,5
Thornton,Paper,10.32,3.74,2,3
San Marcos,Furnishings,10.33,-5.94,3,2
Roswell,Art,10.34,3.15,3,5
Norwich,Binders,10.36,5.08,2,6
San Marcos,Paper,10.37,3.63,2,2
Cary,Paper,10.37,3.63,2,5
Fort Lauderdale,Paper,10.37,3.63,2,5
Baytown,Paper,10.37,3.63,2,5
Bolingbrook,Paper,10.37,3.63,2,0
Garland,Labels,10.44,3.39,5,2
Yuma,Art,10.5,1.18,4,2
Huntington Beach,Paper,10.56,4.75,2,4
Gilbert,Envelopes,10.64,3.86,5,7
Rapid City,Binders,10.68,5.02,2,3
Brentwood,Storage,10.68,2.88,1,2
Brownsville,Paper,10.69,3.74,2,2
Orlando,Binders,10.73,-7.43,11,4
Meriden,Binders,10.76,5.16,2,4
Beaumont,Binders,10.78,-17.25,5,5
Fairfield,Envelopes,10.86,5.1,3,0
Lancaster,Fasteners,10.9,3.6,5,1
Meriden,Storage,10.9,2.83,1,5
Portland,Binders,10.92,-8.05,10,4.666666666666667
Lansing,Phones,10.95,0.44,1,0
Virginia Beach,Art,10.96,2.96,4,4
Moreno Valley,Appliances,10.98,2.96,1,4
Hillsboro,Furnishings,11.03,3.03,1,2
Rochester,Envelopes,11.07,5.09,3,5
Lafayette,Labels,11.07,5.2,3,1
Vineland,Art,11.12,2.89,4,6
Carol Stream,Paper,11.17,3.77,2,4
Portland,Appliances,11.18,0.84,1,6
Andover,Storage,11.21,3.36,1,3
Pearland,Binders,11.23,-18.53,7,5
Norwich,Paper,11.34,5.56,1,2
Baltimore,Fasteners,11.52,5.41,4,4
Coral Gables,Furnishings,11.57,2.6,3,4
Fairfield,Supplies,11.64,3.38,3,5
San Angelo,Appliances,11.65,-30.87,4,2
Allentown,Furnishings,11.65,3.35,2,5
Chattanooga,Binders,11.66,-8.91,7,4
Greeley,Furnishings,11.66,3.35,3,3
Bridgeton,Appliances,11.67,3.03,3,4
Quincy,Fasteners,11.68,5.26,4,5
Elkhart,Art,11.68,5.49,2,2
Port Arthur,Labels,11.7,3.95,2,5
Fort Collins,Labels,11.7,3.95,2,2
Plantation,Art,11.76,1.32,5,7
Franklin,Paper,11.76,4.84,3,4.5
San Jose,Art,11.76,3.18,4,4
Naperville,Labels,11.78,4.27,3,4
Lakeland,Labels,11.81,3.99,4,2
Laredo,Labels,11.84,4.44,1,0
Rock Hill,Fasteners,11.85,3.79,3,0
Toledo,Fasteners,11.87,-1.97,8,5
Great Falls,Paper,11.96,5.38,2,5
Evanston,Phones,11.99,0.9,1,2
Franklin,Labels,12,4.2,4,4
Bolingbrook,Fasteners,12.03,2.26,8,0
Murfreesboro,Binders,12.07,-8.74,7,7
Skokie,Paper,12.22,4.43,2,3
Oceanside,Envelopes,12.24,5.75,6,5
Hendersonville,Art,12.26,1.07,7,4
Redmond,Labels,12.32,5.91,4,6
Wausau,Binders,12.39,5.82,3,5
Aurora,Envelopes,12.54,4.23,1,6
Noblesville,Binders,12.56,5.65,2,5
Philadelphia,Machines,12.59,-18.04,1,1
Skokie,Fasteners,12.62,3.95,2,5
Little Rock,Fasteners,12.67,4.56,7,4
Lansing,Binders,12.76,5.87,2,0
Tempe,Envelopes,12.77,4.63,6,3
Beaumont,Storage,12.77,0.96,2,1
Huntington Beach,Envelopes,12.78,5.75,1,2
Athens,Art,12.78,5.24,3,1
Bedford,Binders,12.86,-22.51,8,2
Farmington,Supplies,12.88,0.39,1,2
Dallas,Appliances,12.95,-26.91,5,4.5
Pine Bluff,Paper,12.96,6.22,2,2
Bellevue,Paper,12.96,6.22,2,4
Stockton,Paper,12.96,6.22,2,2
Orem,Paper,12.96,6.22,2,6
Laredo,Envelopes,12.98,4.71,3,2
Freeport,Labels,13.05,6,5,4
Tempe,Fasteners,13.05,4.18,5,4
Muskogee,Appliances,13.11,3.41,3,5
West Palm Beach,Art,13.12,2.13,5,4
Oswego,Fasteners,13.16,4.11,5,7
Thornton,Art,13.34,1,6,3
Mcallen,Supplies,13.34,1,2,5
Waterbury,Art,13.36,3.87,5,5.5
Shelton,Paper,13.36,6.41,2,2
Parker,Furnishings,13.36,4.01,5,4
Pearland,Envelopes,13.39,5.02,3,5
Hamilton,Art,13.46,2.79,5,4
Overland Park,Paper,13.56,6.24,2,4
Tigard,Furnishings,13.59,-0.34,1,4
Plano,Accessories,13.62,3.57,2,3
Odessa,Appliances,13.76,-24.77,1,6
Wilson,Binders,13.79,-10.32,9,4
Tallahassee,Binders,13.84,-9.95,6,5
Toledo,Paper,13.87,5.03,3,3
Minneapolis,Art,13.9,3.61,5,4
Brentwood,Binders,13.92,4.87,3,7
Suffolk,Labels,13.95,6.709999999999999,3,4
Naperville,Binders,14.01,-23,11,3.3333333333333335
Kent,Art,14.02,1.75,3,3
Chapel Hill,Art,14.02,4.73,3,4
Olympia,Storage,14.03,4.07,1,4
Sacramento,Storage,14.03,4.07,1,4
Arlington Heights,Art,14.11,1.23,6,4
Wheeling,Furnishings,14.14,-7.77,2,6
Georgetown,Fasteners,14.2,6.67,4,2
Belleville,Binders,14.28,6.57,1,6
Redlands,Envelopes,14.28,6.71,7,6
Apopka,Fasteners,14.32,5.19,5,0
Port Saint Lucie,Appliances,14.34,0.9,4,3
Durham,Paper,14.35,4.49,3,5
Fort Collins,Envelopes,14.35,5.2,3,3
Bullhead City,Furnishings,14.37,3.95,2,4
Sierra Vista,Furnishings,14.37,3.95,2,4
Hackensack,Labels,14.4,7.06,5,4
Omaha,Labels,14.4,7.06,5,5
Provo,Labels,14.4,7.06,5,4
Bayonne,Binders,14.46,7.09,3,3
Franklin,Art,14.47,3.6999999999999997,7,5
North Miami,Paper,14.5,4.89,3,5
Edmond,Labels,14.62,6.87,2,4
San Bernardino,Labels,14.62,6.87,2,4
Bozeman,Labels,14.62,6.87,2,4
Waterbury,Labels,14.62,6.87,2,1
Montgomery,Art,14.67,3.96,3,6
Fort Worth,Art,14.67,1.5499999999999998,3,5
Thousand Oaks,Art,14.7,4.12,7,3
Toledo,Supplies,14.72,-3.31,5,2
Athens,Labels,14.73,7.22,3,0
Camarillo,Labels,14.73,7.22,3,4
Salinas,Envelopes,14.75,7.08,5,4
Malden,Labels,14.76,6.94,4,6
North Charleston,Furnishings,14.76,4.28,2,5
Plainfield,Art,14.790000000000001,4.48,4,3
Nashua,Fasteners,14.82,6.97,6,2
Visalia,Art,14.88,3.72,2,7
Yonkers,Furnishings,14.89,4.02,1,4
Chico,Fasteners,14.9,6.85,5,5
North Las Vegas,Labels,14.94,6.87,3,4
Columbia,Labels,14.94,6.87,3,4
Sheboygan,Storage,14.97,4.19,1,6
Kenosha,Art,14.98,4.49,1,4
Reading,Storage,15.01,1.5,2,6
Smyrna,Fasteners,15.12,0.3,8,3
Cary,Accessories,15.22,2.28,1,5
Huntsville,Appliances,15.22,-38.82,2,4
The Colony,Paper,15.23,5.52,4,1
Sandy Springs,Paper,15.24,7.16,3,7
Dubuque,Binders,15.24,6.86,4,4
Lakeville,Envelopes,15.28,7.49,2,7
Manteca,Envelopes,15.28,7.49,2,0
Minneapolis,Envelopes,15.28,7.49,2,3
Midland,Envelopes,15.28,7.49,2,4
Tempe,Supplies,15.36,-3.26,2,3
Hoover,Art,15.47,4.18,7,5
Englewood,Paper,15.48,5.61,3,5
Milford,Art,15.48,4.49,3,0
Sandy Springs,Storage,15.51,3.88,1,4
Chico,Envelopes,15.52,7.45,4,4
Auburn,Binders,15.53,5.82,3,4
Boynton Beach,Art,15.53,4.85,3,5
Coral Springs,Paper,15.55,5.44,3,0
Margate,Art,15.55,2.33,3,5
Orem,Labels,15.75,7.56,5,4
Sandy Springs,Labels,15.75,7.56,5,4
Chico,Appliances,15.8,4.11,4,5
Clinton,Fasteners,15.8,5.06,4,5
Athens,Paper,15.84,7.13,3,6
Newark,Supplies,15.88,-3.77,5,2
Fremont,Furnishings,15.92,7,2,0
Saginaw,Binders,15.92,7.48,4,6
Allen,Paper,15.94,5.38,4,5
Pembroke Pines,Binders,15.940000000000001,-12.08,14,5.333333333333333
Grand Island,Paper,15.96,7.98,2,5
Durham,Phones,15.98,1.4,2,5
Thousand Oaks,Phones,15.98,1.2,2,2
Fresno,Art,16.02,4.49,9,1
League City,Paper,16.03,5.61,3,4
Altoona,Art,16.03,2.2,6,1
Jacksonville,Supplies,16.1,1.8599999999999999,4,5.5
Hendersonville,Binders,16.22,-10.96,8,5
Asheville,Storage,16.27,-3.86,1,4
Portage,Art,16.28,6.51,2,0
Pleasant Grove,Art,16.4,4.26,5,5
Corpus Christi,Art,16.46,1.44,7,4
Redlands,Labels,16.47,7.83,6,2
Dover,Labels,16.52,7.6,4,4
Boynton Beach,Labels,16.56,5.55,5,5
Pembroke Pines,Labels,16.56,5.8,2,4
Carlsbad,Supplies,16.68,4.34,2,5
Parma,Fasteners,16.75,5.44,6,4
Coppell,Storage,16.78,-0.21,1,4
Lehi,Phones,16.78,1.68,3,6
Omaha,Supplies,16.9,5.07,2,5
Vineland,Supplies,17,4.42,2,2
Pocatello,Binders,17.04,5.54,3,2
Greensboro,Furnishings,17.09,1.07,2,5
Cambridge,Art,17.12,4.96,4,3
Mount Pleasant,Furnishings,17.14,6.17,2,0
Akron,Fasteners,17.18,6.23,6,3
Jackson,Labels,17.23,8.07,3,4.5
Sandy Springs,Appliances,17.24,4.48,2,1
Palm Coast,Binders,17.240000000000002,-12.57,11,4
Escondido,Binders,17.25,6.04,2,4
Freeport,Binders,17.25,6.04,2,2
Niagara Falls,Art,17.28,5.01,6,6
Kenner,Appliances,17.34,4.68,2,0
Memphis,Binders,17.36,-11.850000000000001,7,5
Norfolk,Binders,17.43,8.02,3,7
Lubbock,Binders,17.439999999999998,-27.39,4,6
Redlands,Fasteners,17.45,8.03,5,0
Florence,Paper,17.46,8.06,3,4
Eagan,Binders,17.46,8.21,2,2
Roseville,Envelopes,17.48,8.22,2,6
Austin,Envelopes,17.57,6.37,2,4
Eugene,Supplies,17.58,-4.18,7,2
Greenville,Binders,17.62,-14.09,4,7
Pocatello,Paper,17.64,8.64,3,2
Bakersfield,Paper,17.69,8.54,3,5
Niagara Falls,Binders,17.71,6.42,3,6
Toledo,Labels,17.71,5.98,6,1
Deltona,Art,17.86,2.01,4,5
Smyrna,Envelopes,17.92,8.6,4,6
Maple Grove,Paper,17.94,8.79,3,3
Morristown,Art,17.94,4.49,3,4
Lake Charles,Binders,17.94,8.61,3,2
Andover,Paper,17.94,8.79,3,3
San Clemente,Binders,18.09,6.56,7,4
Longview,Fasteners,18.24,9.12,3,4
Overland Park,Fasteners,18.24,9.12,3,4
Chandler,Art,18.240000000000002,2.54,6,4.5
Glendale,Binders,18.259999999999998,-13.67,4,3.5
Broken Arrow,Binders,18.26,8.28,3,5.5
Santa Ana,Furnishings,18.28,6.22,2,0
Garland,Binders,18.34,-32.09,4,2
Decatur,Fasteners,18.37,6.2,2,5
Carlsbad,Labels,18.45,8.67,5,4
Boca Raton,Accessories,18.46,2.31,2,3
Watertown,Paper,18.54,8.71,2,6
Yonkers,Supplies,18.62,5.4,2,3
Lorain,Binders,18.69,-14.33,3,0
Greeley,Envelopes,18.69,7.01,2,3
Pomona,Labels,18.75,9,5,4
El Paso,Fasteners,18.84,-3.53,5,4
Smyrna,Furnishings,18.84,7.16,3,0
Carrollton,Fasteners,18.86,6.13,9,6
Wichita,Labels,18.9,8.69,3,4
Sterling Heights,Binders,19,8.93,5,5
Asheville,Binders,19.01,-12.67,8,2
Medina,Binders,19.24,-13.47,3,4
Mcallen,Binders,19.41,-31.450000000000003,15,4.6
Antioch,Paper,19.44,9.33,3,1
New Bedford,Paper,19.44,9.33,3,4
Rockville,Paper,19.44,9.33,3,3
Revere,Paper,19.44,9.33,3,7
Kent,Paper,19.44,9.33,3,2
Carlsbad,Paper,19.44,9.33,3,5
Fremont,Art,19.46,5.06,7,4
Roseville,Art,19.5,5.529999999999999,7,5
Quincy,Art,19.56,1.71,5,7
Edmonds,Fasteners,19.6,9.6,5,4
Hillsboro,Paper,19.61,6.62,3,4
Saginaw,Furnishings,19.76,8.3,4,6
Marion,Envelopes,19.87,6.71,3,4
La Porte,Paper,19.98,8.99,2,3
Redmond,Accessories,19.99,6.8,1,5
Hampton,Paper,20.12,9.26,2,5
Santa Ana,Labels,20.16,9.88,7,4
Louisville,Fasteners,20.17,8.33,6,2.5
Miramar,Binders,20.23,-16.19,8,5
Bellevue,Furnishings,20.24,7.89,1,5
Twin Falls,Binders,20.42,6.64,4,5
Holland,Fasteners,20.44,9.2,7,6
Lowell,Art,20.52,7.25,5,4
La Porte,Art,20.58,5.56,7,3
Greensboro,Supplies,20.61,-4.38,2,4
Auburn,Labels,20.7,9.94,2,6
Mcallen,Paper,20.73,7.25,4,4.5
Cuyahoga Falls,Binders,20.740000000000002,-13.83,7,3
Franklin,Appliances,20.77,2.34,2,5
San Marcos,Accessories,20.78,-3.64,2,2
Trenton,Storage,20.86,1.46,7,6
Woodland,Binders,20.93,7.59,4,2
Irving,Labels,20.98,6.9399999999999995,6,5
Atlanta,Labels,21.03,9.93,6,4.5
Nashua,Furnishings,21.12,6.55,4,7
Louisville,Envelopes,21.24,7.43,9,1
Wichita,Art,21.24,8.07,3,2
Mentor,Furnishings,21.25,7.44,4,0
Meridian,Binders,21.31,7.99,3,6
Allen,Accessories,21.48,-0.27,3,1
Phoenix,Labels,21.56,7.13,7,4
Appleton,Labels,21.56,10.35,7,2
Allentown,Accessories,21.73,3.8,4,4
Gresham,Envelopes,21.73,7.6,7,6
Milwaukee,Supplies,21.81,5.89,3,4
Miami,Storage,21.900000000000002,1.6400000000000001,3,5
Morgan Hill,Art,21.92,5.92,8,4
Everett,Labels,21.93,10.31,3,4
Tulsa,Supplies,21.96,6.15,2,5
Santa Ana,Supplies,21.96,6.15,2,6
Provo,Paper,21.98,9.89,7,3
Saint Charles,Paper,22.12,10.41,4,3.5
Long Beach,Envelopes,22.18,10.87,2,1
Norwich,Furnishings,22.2,9.1,6,7
Little Rock,Furnishings,22.2,9.1,6,5
Tinley Park,Furnishings,22.29,-8.92,7,1
Haltom City,Supplies,22.37,1.68,2,3
Memphis,Labels,22.41,7.28,9,5
Cambridge,Binders,22.45,10.33,5,3
Murfreesboro,Storage,22.51,2.25,3,4
Pharr,Furnishings,22.61,-10.17,3,7
Akron,Art,22.61,1.52,7,5
Green Bay,Paper,22.72,10.22,4,4
Thousand Oaks,Furnishings,22.72,9.32,1,5
Montgomery,Binders,22.75,11.38,5,3
Woodstock,Binders,22.89,-6.98,8,2.5
Oxnard,Envelopes,22.92,11.23,3,0
Plano,Labels,23.08,7.75,8,6
Harrisonburg,Accessories,23.08,6.92,2,4
Amarillo,Furnishings,23.08,-10.96,3,4
Kent,Binders,23.17,7.82,2,7
New Bedford,Accessories,23.18,7.65,2,4
Manchester,Binders,23.2,10.44,4,0
Coppell,Art,23.31,6.96,12,4
Jonesboro,Envelopes,23.34,10.97,3,6
Brentwood,Envelopes,23.36,11.68,2,7
Atlantic City,Envelopes,23.36,11.68,2,4
Dublin,Binders,23.580000000000002,-16.5,6,2.5
Grand Prairie,Labels,23.68,8.88,2,7
Medina,Labels,23.68,8.88,2,7
Pompano Beach,Furnishings,23.68,6.22,8,5
Spokane,Art,23.84,6.44,8,1
Skokie,Binders,23.84,-38.82,12,3.6666666666666665
Brentwood,Furnishings,23.88,10.51,3,2
New Castle,Phones,23.92,6.7,2,4
Waco,Storage,23.97,2.4,2,6
Mentor,Paper,24,8.08,5,0
Vancouver,Furnishings,24.44,9.73,6,4.5
Palm Coast,Envelopes,24.45,8.86,4,4
Plainfield,Paper,24.48,11.459999999999999,6,3
Little Rock,Art,24.52,8.489999999999998,6,5
Westminster,Paper,24.56,11.54,2,4
Cottage Grove,Storage,24.56,6.88,2,4
Fairfield,Phones,24.58,5.27,3,5
Coral Springs,Storage,24.67,2.16,2,0
Murfreesboro,Paper,24.83,9,4,5
Longview,Furnishings,24.85,7.7,5,3
Grand Rapids,Fasteners,24.85,11.68,7,6
Baltimore,Supplies,25.02,6.51,3,7
Danville,Furnishings,25.02,10.51,3,2
Alexandria,Fasteners,25.06,12.53,7,4
Bellingham,Binders,25.12,7.85,5,2
Milford,Furnishings,25.16,8.55,2,3
Draper,Furnishings,25.16,10.57,2,1
Lubbock,Furnishings,25.16,-11.32,5,0
San Diego,Fasteners,25.21,11.82,8,3
Laredo,Art,25.21,2.36,3,5
Pleasant Grove,Binders,25.32,8.879999999999999,4,3.5
Bellevue,Supplies,25.35,7.61,3,4
Owensboro,Supplies,25.5,6.63,3,2
Aberdeen,Supplies,25.5,6.63,3,3
Mason,Binders,25.56,-20.55,5,2
Dallas,Labels,25.57,9.14,8,4.333333333333333
Lawrence,Supplies,25.71,6.68,3,4
Louisville,Supplies,25.76,0.77,2,3
Edmonds,Accessories,25.78,2.58,2,2
Oceanside,Paper,25.86,12.54,4,5
Atlanta,Appliances,25.86,6.72,3,5
Fargo,Binders,25.9,12.69,5,5
Mobile,Art,25.92,7.78,9,4
East Orange,Paper,25.92,12.44,4,3
Hot Springs,Paper,25.92,12.7,4,7
Boynton Beach,Paper,25.92,9.07,5,4.5
Hoover,Accessories,25.98,1.56,2,2
Lincoln Park,Art,25.99,7.54,1,6
Murray,Art,25.99,7.54,1,0
Hialeah,Paper,26.08,8.86,7,6
Newark,Fasteners,26.18,0.52,7,3
Mission Viejo,Labels,26.25,12.6,7,4
Gresham,Binders,26.35,-18.45,8,5
Charlotte,Fasteners,26.46,7.33,8,4
Vineland,Appliances,26.49,7.42,1,7
Arlington,Envelopes,26.55,12.74,9,4
Anaheim,Art,26.68,6.93,4,3.5
Cambridge,Furnishings,26.72,11.76,1,4
Little Rock,Accessories,26.85,5.1,3,1
Passaic,Envelopes,26.88,12.9,6,5
Santa Barbara,Accessories,26.96,3.77,2,5
Bowling Green,Phones,26.98,4.05,3,2
Rockford,Binders,26.990000000000002,-43.66,11,3.3333333333333335
Hollywood,Binders,27.09,-19.1,8,4.5
Elmhurst,Paper,27.13,8.94,5,4.5
Round Rock,Art,27.17,2.72,2,4
Frisco,Accessories,27.17,-1.36,4,4
Greensboro,Accessories,27.19,0.34,3,7
Lakewood,Supplies,27.2,2.04,4,3
Urbandale,Binders,27.24,13.35,6,7
Carrollton,Paper,27.269999999999996,8.91,6,4
Daytona Beach,Envelopes,27.31,9.22,2,6
Santa Clara,Supplies,27.36,7.39,4,5
East Point,Furnishings,27.42,9.32,3,6
Quincy,Storage,27.44,2.4,2,3
Lorain,Storage,27.44,2.4,2,4
Laurel,Furnishings,27.46,9.89,2,4
Danbury,Furnishings,27.46,9.89,2,7
Madison,Paper,27.52,12.66,4,5
Colorado Springs,Fasteners,27.55,9.3,3,2
Rochester,Labels,27.72,13.309999999999999,9,4.5
Lansing,Labels,27.72,13.31,9,2
Overland Park,Art,27.78,9.17,6,4
Richmond,Art,27.82,7.65,9,5.25
Tyler,Accessories,27.82,4.52,3,5
Montebello,Accessories,27.88,3.9,2,4
Hampton,Art,27.9,6.98,5,5
Orange,Supplies,27.93,8.1,3,4
Sacramento,Supplies,27.96,7.27,2,4
Pasadena,Envelopes,27.97,9.44,4,6
Long Beach,Fasteners,28.04,9.219999999999999,12,3.5
Greenville,Supplies,28.05,3.51,2,6
Clinton,Labels,28.05,12.9,9,5
Wilmington,Appliances,28.08,5.27,3,4
Fort Worth,Binders,28.260000000000005,-46.8,21,4.8
Omaha,Furnishings,28.4,11.08,2,2
Canton,Furnishings,28.4,11.08,2,3
Kirkwood,Binders,28.4,13.06,4,1
Carlsbad,Envelopes,28.4,13.35,5,4
Inglewood,Supplies,28.4,8.24,5,2
Hempstead,Furnishings,28.44,11.38,3,6
College Station,Paper,28.67,10.39,8,2
Midland,Paper,28.68,12.91,6,6
Chicago,Appliances,28.69,-71.02999999999999,12,4.4
Broomfield,Binders,28.71,-19.43,6,4
Grand Prairie,Envelopes,28.75,9.34,3,4
Pasco,Binders,28.79,10.08,1,7
Bozeman,Paper,29.04,13.94,3,4
Lafayette,Phones,29.16,8.46,3,4
Ann Arbor,Phones,29.16,8.46,3,3
Temecula,Binders,29.2,9.86,5,2
Ann Arbor,Appliances,29.4,5.23,3,3
Fairfield,Labels,29.57,11.370000000000001,10,3.5
Jonesboro,Art,29.59,8.45,10,6
Costa Mesa,Paper,29.6,13.32,4,5
Pembroke Pines,Appliances,29.669999999999998,2.43,9,7
Redlands,Supplies,29.7,8.02,3,0
Redondo Beach,Binders,29.77,10.5,9,3
Eagan,Art,29.79,12.51,3,6
Covington,Paper,29.9,14.65,5,4
Springfield,Machines,29.93,-21.95,5,5
Sunnyvale,Art,29.95,8.69,5,4
Hot Springs,Accessories,29.99,3,1,5
Hot Springs,Fasteners,30,14.4,6,7
Utica,Binders,30,10.45,7,0
Skokie,Storage,30.02,3,4,4
Henderson,Labels,30.099999999999998,14.04,8,0
Sierra Vista,Appliances,30.14,3.01,2,7
Fayetteville,Art,30.16,6.53,12,2
Paterson,Furnishings,30.189999999999998,8.46,7,5
Waterloo,Art,30.32,11.82,4,6
Frisco,Furnishings,30.34,-17.44,6,3
Columbus,Machines,30.35,-24.28,7,5
Arvada,Furnishings,30.37,5.3,5,2
Garland,Art,30.38,3.8,1,4
Milford,Supplies,30.69,7.98,3,3
Riverside,Art,30.76,9.16,10,3
Lancaster,Art,30.82,2.7,9,2
Auburn,Fasteners,30.849999999999998,13.9,10,5
Decatur,Labels,30.88,12.05,7,3.5
Concord,Labels,30.9,13.870000000000001,11,5.5
Anaheim,Paper,30.98,13.94,1,0
Hialeah,Art,30.98,5.03,8,5
Concord,Supplies,31.03,8.45,4,4
Avondale,Art,31.04,4.220000000000001,9,5
Paterson,Labels,31.05,14.9,3,7
Santa Barbara,Labels,31.05,14.9,3,2
Harlingen,Paper,31.1,11.280000000000001,6,4.5
Santa Clara,Paper,31.119999999999997,14.41,4,4.5
Orange,Binders,31.200000000000003,15.540000000000001,8,3
Gulfport,Binders,31.36,15.68,4,2
Mesa,Binders,31.36,-23.15,14,6.333333333333333
Springfield,Fasteners,31.360000000000003,5.39,11,5
Montgomery,Furnishings,31.52,11.57,10,5
Sierra Vista,Fasteners,31.56,9.86,5,7
Florence,Fasteners,31.56,14.2,4,3
Pomona,Furnishings,31.56,10.41,3,0
Irving,Storage,31.61,-6.96,6,4
Bolingbrook,Supplies,31.68,2.77,4,0
Long Beach,Furnishings,31.68,9.82,6,4
East Orange,Accessories,31.8,13.67,3,4
Peoria,Binders,31.82,-39.25,22,3.6
Mesa,Accessories,31.98,2,2,7
Gilbert,Accessories,31.99,4.8,1,7
Chester,Binders,32.09,-23.360000000000003,10,3
Oxnard,Binders,32.28,11.48,9,5
Woodbury,Binders,32.34,15.52,3,6
Haltom City,Paper,32.37,11.73,7,3
Chesapeake,Paper,32.4,15.55,5,6
Westland,Paper,32.4,15.55,5,4
Davis,Paper,32.4,15.55,5,6
Milwaukee,Labels,32.44,15.25,4,0
Wilmington,Labels,32.46,15.38,8,6
Asheville,Art,32.55,4.45,13,5.333333333333333
Eau Claire,Storage,32.56,8.47,2,4
Rochester,Appliances,32.67,8.49,3,5
Thousand Oaks,Paper,32.75,15.07,5,5
Parker,Paper,32.79,11.89,1,5
Lakewood,Fasteners,32.86,9.07,9,3
Fort Worth,Labels,33.12,11.59,4,4
Roswell,Envelopes,33.22,16.28,5,4.5
Dover,Appliances,33.28,9.32,4,2
Garden City,Storage,33.29,7.99,1,0
San Bernardino,Supplies,33.36,8.67,4,4
Broomfield,Storage,33.49,-1.26,7,4
Grapevine,Art,33.49,5.86,7,4
Bethlehem,Furnishings,33.57,-5.45,2,2
Leominster,Paper,33.67,15.370000000000001,7,4
Tuscaloosa,Binders,33.74,15.52,7,7
La Porte,Binders,33.769999999999996,-17.54,4,2.5
Glendale,Supplies,33.8,4.23,5,5
Jacksonville,Labels,34.03,11.309999999999999,10,4.2
Morristown,Storage,34.05,9.53,3,6
Fort Worth,Paper,34.11,12.120000000000001,7,1.3333333333333333
Virginia Beach,Supplies,34.2,9.23,5,3
Visalia,Paper,34.24,15.41,8,7
Rancho Cucamonga,Binders,34.27,11.14,3,5
Bloomington,Binders,34.3,6.51,8,4.5
Oceanside,Fasteners,34.44,16.19,3,7
Auburn,Envelopes,34.56,16.16,3,4.5
Des Moines,Furnishings,34.58,14.52,7,6
Redmond,Furnishings,34.620000000000005,7.949999999999999,5,6
Charlottesville,Art,34.65,10.4,3,3
East Orange,Art,34.65,9.7,3,3
Sioux Falls,Labels,34.85,16.38,9,5.5
Dallas,Fasteners,34.92,1.6,14,3
Goldsboro,Appliances,34.94,3.06,3,3
Overland Park,Accessories,34.95,15.38,5,3
Pocatello,Furnishings,35,14.7,4,2
Hempstead,Art,35,10.5,4,5
Lakeville,Fasteners,35,16.8,7,7
Bakersfield,Fasteners,35,16.8,7,3
Rome,Art,35.010000000000005,9.16,10,7
Jackson,Fasteners,35.019999999999996,5.49,7,5.5
Salem,Appliances,35.04,12.26,2,6
Suffolk,Supplies,35.06,10.52,2,4
Auburn,Phones,35.12,9.13,4,2
Nashville,Accessories,35.17,8.35,4,6
Toledo,Binders,35.19,-28.029999999999998,9,2.5
Brentwood,Paper,35.32,16.16,6,4.5
Royal Oak,Paper,35.34,16.96,4,4
Tigard,Accessories,35.36,-3.09,2,4
Phoenix,Tables,35.45,-24.1,1,7
Bryan,Binders,35.48,-57.75,19,1
Columbus,Bookcases,35.49,-15.62,1,3
Baltimore,Furnishings,35.66,11.8,7,5.5
Carlsbad,Binders,35.69,11.6,6,5.666666666666667
Green Bay,Furnishings,35.7,11.93,4,4.5
Pomona,Art,35.82,11.82,9,7
Decatur,Binders,35.879999999999995,16.84,6,4.5
Hickory,Phones,36.19,2.71,1,0
Arlington,Appliances,36.27,10.88,3,6
Hialeah,Furnishings,36.38,9.82,4,4
Chico,Paper,36.44,16.4,4,4
Fort Lauderdale,Binders,36.51,-26.259999999999998,12,4.5
Saint Petersburg,Binders,36.6,-25.61,4,5.5
San Antonio,Envelopes,36.6,11.9,3,5
Tampa,Appliances,36.7,7.819999999999999,7,4
Middletown,Binders,36.739999999999995,17.9,7,5
Scottsdale,Binders,36.74,-27.24,13,2
Rochester,Art,36.83,13.5,10,4.333333333333333
Waynesboro,Storage,36.84,10.32,3,2
Clarksville,Art,36.96,12.01,4,3
Moreno Valley,Binders,37.06,13.9,3,4
Quincy,Binders,37.190000000000005,1.0099999999999998,20,3.75
Grand Prairie,Storage,37.22,3.72,3,6
Lakeville,Supplies,37.24,10.8,4,7
Plantation,Furnishings,37.29,5.3,7,5
Carlsbad,Storage,37.32,10.45,3,4
Lakeland,Binders,37.34,-28.88,7,1.5
Superior,Art,37.379999999999995,10.38,11,5
Boynton Beach,Binders,37.43,-29.94,5,0
Highland Park,Paper,37.46,12.18,7,4
Edmonds,Art,37.5,10.5,5,2.5
Aurora,Supplies,37.519999999999996,3.5,6,6
Plano,Paper,37.57,13.149999999999999,7,3.6666666666666665
La Porte,Appliances,37.68,10.55,2,3
Portland,Storage,37.68,2.36,3,5
Saint Louis,Paper,37.68,18.2,6,3
Atlanta,Art,37.81,11.21,10,4.5
Meridian,Paper,37.94,18.21,2,5
Gladstone,Accessories,38.04,12.17,2,1
New Albany,Binders,38.22,17.96,6,4
Lafayette,Binders,38.26,18.71,8,4
Trenton,Envelopes,38.34,17.25,3,4
Miami,Labels,38.599999999999994,13.16,13,4.5
Jonesboro,Furnishings,38.6,11.58,4,6
Waterbury,Storage,38.62,10.81,2,6
Salinas,Paper,38.88,18.66,6,5
Rancho Cucamonga,Paper,38.88,18.66,6,5
Macon,Paper,38.88,18.66,6,2
Everett,Furnishings,38.97,4.68,3,2
Parma,Paper,39.07,13.780000000000001,8,4.5
Springfield,Supplies,39.07,4.4,6,6
Rome,Furnishings,39.08,14.46,4,6
Port Arthur,Paper,39.23,12.84,7,5.666666666666667
Skokie,Accessories,39.26,-4.91,3,0
Fairfield,Fasteners,39.31,12.78,13,5
Lawrence,Fasteners,39.480000000000004,18.549999999999997,11,5.5
Hempstead,Binders,39.55,14.34,3,5
Malden,Art,39.68,10.32,2,6
Lodi,Art,39.68,16.27,2,6
Orlando,Storage,39.72,4.47,5,5
Decatur,Furnishings,39.75,-16.48,4,4.5
San Jose,Envelopes,39.76,18.69,7,6
Bellevue,Binders,39.8,13.81,9,4
Bloomington,Accessories,39.82,7.47,3,4
Apopka,Binders,39.86,-30.689999999999998,10,4
Woodbury,Paper,39.9,19.95,5,6
Helena,Storage,39.9,10.37,5,3
Boca Raton,Binders,39.94,-26.62,4,3
Parker,Binders,39.95,-28.939999999999998,7,5
Hempstead,Phones,39.96,10.39,4,6
Harrisonburg,Furnishings,39.96,14.39,2,4
Laguna Niguel,Phones,39.96,3.5,5,4
Oceanside,Phones,39.98,2,2,5
Everett,Phones,39.99,11.6,1,2
Marion,Art,40,4.97,9,3.5
Chesapeake,Labels,40.06,18.98,6,4
Plainfield,Binders,40.2,18.09,5,6
Dearborn Heights,Binders,40.2,18.09,5,2
Des Moines,Art,40.3,10.88,2,6
Rogers,Binders,40.41,18.59,9,5
Utica,Furnishings,40.48,14.57,2,4
Olathe,Furnishings,40.56,12.98,2,7
Dearborn Heights,Art,40.59,12.06,5,2
Cincinnati,Binders,40.72,-28.979999999999997,16,2.75
Bridgeton,Storage,40.74,0.41,3,4
Omaha,Storage,40.74,0.41,3,5
Cleveland,Envelopes,40.75,15.28,3,2
San Jose,Supplies,41.04,11.08,6,5
Carrollton,Furnishings,41.12,-20.9,5,4
Las Cruces,Furnishings,41.37,17.38,3,5
Tampa,Supplies,41.38,4.65,3,4
Fort Lauderdale,Accessories,41.42,8.28,2,4
Mansfield,Paper,41.47,14.52,8,3
Newport News,Paper,41.51,19.65,6,4
Lakeville,Art,41.68,15.39,16,7
Round Rock,Accessories,41.72,5.74,7,5
Dover,Phones,41.78,11.29,4,5
Johnson City,Envelopes,41.81,14.280000000000001,6,3
Warner Robins,Art,41.86,10.47,7,5
Redwood City,Binders,41.9,14.14,6,6
Taylor,Accessories,41.9,8.8,2,3
Riverside,Accessories,41.94,15.1,2,3
Moreno Valley,Furnishings,41.96,10.91,2,6
Meridian,Furnishings,41.96,2.94,2,5
Newport News,Envelopes,42.21,20.060000000000002,5,5
Nashville,Binders,42.37,-29.369999999999997,6,4.5
Georgetown,Furnishings,42.6,16.61,3,4
Southaven,Envelopes,42.68,19.63,4,0
Colorado Springs,Art,42.709999999999994,5.76,13,3.75
Cranston,Storage,42.76,11.12,1,3
Vineland,Furnishings,42.85,15.43,5,2
Suffolk,Paper,42.86,19.68,7,2
Apple Valley,Phones,43.18,15.11,3,1
Evanston,Accessories,43.56,-4.9,3,4
Asheville,Appliances,43.58,4.36,1,5
Buffalo,Phones,43.6,12.21,4,3
Meriden,Art,43.779999999999994,13.32,12,3
Hagerstown,Binders,43.8,20.59,6,4
Mesa,Envelopes,43.92,15.92,5,3
Richmond,Labels,44.019999999999996,20.849999999999998,12,2.3333333333333335
Vancouver,Art,44.02,11.45,2,4
Vallejo,Labels,44.05,21.59,7,4.5
Revere,Binders,44.120000000000005,22,4,6
Homestead,Paper,44.38,15.53,1,5
Maple Grove,Labels,44.4,22.2,3,3
Sunnyvale,Labels,44.4,22.2,3,4
Provo,Supplies,44.4,12.43,5,6
Hampton,Appliances,44.43,18.66,3,5
Cleveland,Art,44.58,5.52,7,3
Fayetteville,Phones,44.78,4.48,2,3
San Diego,Supplies,44.849999999999994,9.34,6,4.5
Yuma,Binders,44.86,-35.88,6,1
Chesapeake,Fasteners,45,21.6,9,5
Freeport,Storage,45.25,3.96,2,5
Denver,Binders,45.269999999999996,-30.61,18,4.666666666666667
Apple Valley,Paper,45.36,21.77,7,1.5
Superior,Paper,45.36,21.77,7,5
Woonsocket,Paper,45.36,21.77,7,3
Clarksville,Accessories,45.41,11.92,2,4
Sacramento,Binders,45.56,15.38,8,3
Hialeah,Supplies,45.58,5.13,7,5
Owensboro,Paper,45.68,21.01,2,5
Olympia,Paper,45.68,21.01,2,2
Colorado Springs,Binders,45.69,-36.05,11,4.333333333333333
Charlotte,Art,45.7,6.8,17,3.75
Woonsocket,Binders,45.78,22.89,3,3
Moreno Valley,Paper,45.84,21.21,8,2.5
Arlington,Fasteners,45.92,15.5,5,3
Alexandria,Art,45.92,14.24,14,4
Urbandale,Fasteners,45.92,21.58,4,5
Eagan,Accessories,45.98,19.77,2,2
Cincinnati,Art,45.989999999999995,5.05,14,3.6666666666666665
Westfield,Storage,46.26,12.03,3,7
La Quinta,Accessories,46.32,18.06,4,2
New Rochelle,Paper,46.35,21.78,5,6
Madison,Art,46.64,12.59,4,2
Cincinnati,Paper,46.66,16.32,9,3.5
Atlanta,Storage,46.74,11.69,3,6
Raleigh,Binders,46.81,-37.01,13,4
Covington,Furnishings,46.9,13.13,5,3
El Paso,Paper,46.91,15.510000000000002,4,1.5
Wilmington,Furnishings,47.04,18.35,3,3
Laguna Niguel,Paper,47.04,21.689999999999998,8,5
Grand Prairie,Paper,47.239999999999995,16.13,6,5
Superior,Furnishings,47.4,21.33,5,5
Westminster,Binders,47.53,17.3,8,4
Raleigh,Art,47.62,5.95,3,5
Lewiston,Binders,47.68,20.66,5,5.666666666666667
Freeport,Art,47.82,14.35,3,4
Oxnard,Paper,47.9,22.99,1,0
Delray Beach,Accessories,47.92,11.98,2,3
Raleigh,Accessories,47.98,13.2,2,7
Fort Collins,Accessories,47.98,0.6,2,6
Avondale,Supplies,47.99,3.6,7,6
Provo,Binders,48.14,16.72,8,4
Peoria,Paper,48.239999999999995,17.03,10,5.5
Dover,Art,48.36,14.79,12,2
San Antonio,Binders,48.38000000000002,-78.59,29,4.714285714285714
Murray,Paper,48.4,23.23,5,3
Gulfport,Envelopes,48.69,23.86,9,7
Morgan Hill,Storage,48.72,7.31,3,4
Westland,Binders,48.75,22.32,10,6
Raleigh,Appliances,48.78,3.66,1,5
Tulsa,Art,48.83,15.5,7,4.5
Fresno,Storage,48.86,0.98,7,4
Texarkana,Accessories,48.9,18.09,5,4
Apopka,Envelopes,48.94,16.52,7,0
Charlotte,Furnishings,49.06,12.88,6,5
Clinton,Accessories,49.08,4.91,3,5
Alexandria,Paper,49.080000000000005,24.020000000000003,7,4.666666666666667
Las Cruces,Paper,49.12,23.09,4,2
Cranston,Art,49.25,18.72,5,2
Hempstead,Envelopes,49.379999999999995,23.37,8,3.5
Allentown,Paper,49.57,15.49,2,4
El Paso,Envelopes,49.57,17.97,2,5
Lorain,Paper,49.57,15.49,2,4
El Paso,Art,49.599999999999994,8.21,6,4
Oklahoma City,Labels,49.620000000000005,24.32,13,6
Superior,Storage,49.76,13.93,4,5
Chandler,Fasteners,49.79,-11.83,8,5
Redlands,Paper,49.879999999999995,22.85,6,0
Warwick,Storage,49.96,9.49,2,2
Toledo,Furnishings,50.34,13.46,9,4.5
Dublin,Paper,50.44,18.29,12,2.5
Jacksonville,Fasteners,50.44,17.73,14,6
Chester,Furnishings,50.57,12.02,3,4
Bedford,Paper,50.620000000000005,16.82,8,3.5
Yucaipa,Art,50.8,13.21,5,7
Daytona Beach,Accessories,50.88,14.63,6,6
Dublin,Art,51.09,4.51,7,2.5
Henderson,Fasteners,51.120000000000005,9.91,8,4.5
Woonsocket,Storage,51.45,13.89,3,4
Mount Vernon,Paper,51.55,24.23,5,6
Medina,Tables,51.59,-15.48,1,4
Andover,Binders,51.8,23.31,4,3
Renton,Paper,51.84,24.88,8,4
Milford,Paper,51.84,24.88,8,0
Lake Charles,Chairs,51.96,12.99,2,2
Hattiesburg,Accessories,52,23.4,4,5
Thomasville,Supplies,52.14,5.87,7,4
Orlando,Paper,52.169999999999995,18.259999999999998,10,4.333333333333333
Saginaw,Fasteners,52.29,16.21,9,6
Westfield,Envelopes,52.34,24.6,2,4
Austin,Binders,52.4,-80.66,24,4.166666666666667
Eagan,Storage,52.4,14.15,5,6
Yonkers,Machines,52.44,24.12,4,5
Denver,Appliances,52.47,7.3,6,4.333333333333333
Saint Louis,Supplies,52.59,15.78,3,6
Coral Gables,Phones,52.68,19.76,3,4
Bryan,Storage,52.75,-12.53,3,0
Modesto,Phones,52.79,4.62,1,2
Decatur,Art,52.81,10.440000000000001,12,5.5
Grand Prairie,Furnishings,52.839999999999996,-40.95,10,4.5
Akron,Binders,52.90999999999999,-41.74,14,5.2
Woonsocket,Furnishings,52.96,20.12,2,2
Hillsboro,Accessories,53.04,-4.64,3,2
Florence,Art,53.28,18.240000000000002,15,5
Encinitas,Binders,53.39,18.69,7,4
Harlingen,Storage,53.42,4.67,3,6
Roseville,Labels,53.55,24.69,9,4.5
Cranston,Paper,53.599999999999994,26.07,10,1.5
Edmonds,Binders,53.879999999999995,18.33,6,4
Fremont,Binders,53.9,25.87,5,4
Redmond,Binders,54.24,-17.04,15,5.5
Inglewood,Appliances,54.32,16.3,4,4
Dover,Binders,54.46,24.91,5,3.5
Waukesha,Storage,54.5,14.17,5,7
Newark,Labels,54.58,23.97,17,4.6
Oakland,Labels,54.9,26.35,6,3
Lake Forest,Furnishings,54.92,19.77,4,3
Indianapolis,Appliances,54.96,15.94,3,3
Grand Rapids,Paper,55,26.240000000000002,10,5.5
Waynesboro,Binders,55.14,25.27,5,3.5
Riverside,Binders,55.16,20.580000000000002,8,4
Salem,Labels,55.349999999999994,17.98,16,4.333333333333333
Stockton,Binders,55.36,18.68,4,4
Lindenhurst,Paper,55.48,26.63,1,4
West Jordan,Storage,55.5,9.99,2,2
Fayetteville,Binders,55.52,-34.45,21,4.75
Jacksonville,Appliances,55.66,8.35,5,3
Lowell,Furnishings,55.660000000000004,18.83,5,2
Watertown,Appliances,55.809999999999995,18.66,4,5
Orlando,Art,55.98,4.2,2,4
West Palm Beach,Phones,55.98,4.2,2,4
Scottsdale,Paper,56.06,19.62,4,1
Roswell,Furnishings,56.28,15.76,6,7
Thornton,Furnishings,56.28999999999999,15.01,9,3
Monroe,Art,56.3,15.76,2,5
Santa Ana,Art,56.3,15.76,2,1
Washington,Art,56.66,22.1,11,5.5
Mcallen,Chairs,56.69,-20.25,1,4
Clinton,Paper,56.790000000000006,27.64,10,2.6666666666666665
Pasadena,Labels,56.82,18.47,4,5
La Crosse,Binders,56.82,28.41,3,3
Omaha,Binders,56.9,26.52,7,1.3333333333333333
Trenton,Art,56.98,22.79,7,4
Olathe,Accessories,57.4,10.91,5,7
Cincinnati,Envelopes,57.58,21.59,3,4
Omaha,Fasteners,57.64,10.389999999999999,14,3.3333333333333335
Orem,Art,57.66,17.07,4,5
Tulsa,Furnishings,57.69,23.65,3,5
Milwaukee,Art,57.75,16.17,5,5
Apple Valley,Envelopes,57.9,28.95,5,2
Ann Arbor,Envelopes,57.96,27.24,7,3
Colorado Springs,Accessories,58.08,-6.53,4,5
Santa Clara,Appliances,58.24,15.72,4,2
Thornton,Supplies,58.26,6.88,9,4
San Antonio,Furnishings,58.28,-40.65,5,3
Marietta,Paper,58.32,27.99,9,0
Baltimore,Binders,58.68,27.040000000000003,6,4.333333333333333
Odessa,Paper,58.81,21.12,10,4.5
Houston,Appliances,59.15,-146.46,19,4.5
Wausau,Storage,59.21,15.760000000000002,5,5
Indianapolis,Paper,59.370000000000005,27.83,9,6.5
Yonkers,Art,59.52,15.48,3,3
The Colony,Envelopes,59.75,19.42,7,0
Orem,Binders,59.81,19.44,3,5
Saint Charles,Art,59.9,14.23,2,5
Cambridge,Paper,59.94,28.17,3,3
Quincy,Phones,59.97,28.79,3,5
Mobile,Phones,59.97,0,3,4
Shelton,Accessories,59.97,14.99,3,2
Jonesboro,Phones,59.98,17.99,2,3
Eagan,Labels,60.089999999999996,28.540000000000003,8,6
Tulsa,Paper,60.3,28.79,10,5
Hialeah,Appliances,60.300000000000004,5.36,7,6
Fremont,Appliances,60.34,15.69,7,4
Mesa,Appliances,60.67,14.41,2,4
New Castle,Appliances,60.69,16.39,7,4
Aurora,Art,60.7,9.200000000000001,6,4
New Rochelle,Furnishings,60.72,26.11,3,7
Riverside,Paper,60.800000000000004,29.53,9,3.25
Dearborn,Furnishings,60.84,23.12,3,7
Colorado Springs,Appliances,60.98,4.57,7,4
Madison,Labels,61.06,28.09,2,5
Durham,Storage,61.57,4.62,2,6
Knoxville,Binders,61.6,-48.14,7,3
Hialeah,Storage,61.68,5.4,5,1
Chesapeake,Storage,61.68,16.65,4,6
Troy,Art,61.8,23.08,10,2
Revere,Appliances,61.96,16.11,2,4
Arlington,Bookcases,61.96,4.34,2,5
Paterson,Storage,62.18,16.79,1,2
Miramar,Paper,62.209999999999994,21.78,12,5
Omaha,Appliances,62.230000000000004,18.41,5,1
Bossier City,Envelopes,62.3,30.81,5,2
Harrisonburg,Binders,62.31,29.29,3,1
Sheboygan,Labels,62.790000000000006,29.26,7,6
Midland,Storage,62.94,11.96,3,6
Sandy Springs,Art,62.97,18.380000000000003,10,3.3333333333333335
Eugene,Paper,63.13,22.09,4,2
El Paso,Furnishings,63.55,-34.95,6,4
Coachella,Storage,63.56,3.18,2,5
Mentor,Chairs,63.69,-15.47,1,0
Knoxville,Labels,63.81,23.869999999999997,7,5
Norman,Accessories,63.88,24.91,4,4
Cambridge,Accessories,63.88,24.91,4,4
Buffalo,Chairs,63.88,10.65,1,2
Moorhead,Accessories,63.96,19.83,4,4
Bayonne,Accessories,63.96,19.83,4,3
Parma,Envelopes,63.97,19.99,2,2
Helena,Furnishings,63.98,21.75,7,4
Bloomington,Paper,64.08,29.810000000000002,11,5
Lafayette,Paper,64.10000000000001,30.949999999999996,10,3.25
Pompano Beach,Appliances,64.38,8.05,1,6
New Bedford,Binders,64.5,29.64,14,4
Fort Lauderdale,Furnishings,64.67,15.41,5,3.5
Tampa,Chairs,64.78,6.48,1,4
Santa Ana,Paper,64.8,31.1,10,3.5
Henderson,Art,64.97,17.3,8,4.5
Anaheim,Supplies,65.13,16.93,6,5
Waterbury,Supplies,65.17,18.9,7,1
New Rochelle,Binders,65.21000000000001,23.12,5,5.5
Grand Prairie,Accessories,65.44,-8.18,5,5
Des Moines,Paper,65.48,31.65,10,3.3333333333333335
York,Paper,65.58,23.77,2,5
Franklin,Storage,65.71000000000001,5.710000000000001,4,2
Dover,Paper,65.78,30.799999999999997,11,4.5
Macon,Binders,65.88,30.450000000000003,6,3
Newark,Machines,65.97,31.01,3,6
Pueblo,Binders,66.13,-49.010000000000005,17,0.5
West Jordan,Furnishings,66.69,22.01,3,6
Revere,Storage,66.96,2.68,4,5
San Marcos,Storage,66.96,-13.39,5,2
Lansing,Furnishings,67,32.16,5,2
Carlsbad,Phones,67.04,6.7,4,4
Tucson,Binders,67.14,-46.75,29,4.2
Quincy,Labels,67.18,24.200000000000003,10,3.5
The Colony,Phones,67.18,6.72,3,1
Everett,Art,67.22,20.77,5,2.5
Perth Amboy,Paper,67.24,32.39,3,5
Bloomington,Art,67.46000000000001,6.91,9,4
Bristol,Art,67.56,8.45,3,2
Atlanta,Chairs,67.88,18.33,2,6
Pueblo,Accessories,67.96,0.85,5,1
Charlottesville,Furnishings,67.96,12.23,4,7
Lewiston,Accessories,67.98,14.96,2,6
Salem,Storage,68.37,5.49,6,3.5
Broomfield,Furnishings,68.43,8.55,7,5
Peoria,Storage,68.45,7.7,4,1
La Crosse,Furnishings,68.64,17.16,11,5
Mason,Furnishings,68.7,16.32,2,2
Mcallen,Accessories,69.12,11.739999999999998,5,4
Clarksville,Appliances,69.22,11.25,6,4
Murfreesboro,Furnishings,69.34,17.01,4,3
Paterson,Supplies,69.5,20.16,5,7
Newport News,Supplies,69.5,20.16,5,0
Tempe,Accessories,69.51,-11,7,3.5
Huntsville,Binders,69.69,-58.559999999999995,36,4.5
La Porte,Phones,69.9,18.87,2,1
Lowell,Phones,69.93,32.17,7,5
Providence,Accessories,69.98,4.9,2,3
New Rochelle,Machines,69.99,30.1,1,1
Lubbock,Paper,69.99000000000001,23.85,10,3.5
San Bernardino,Paper,70.1,33.150000000000006,13,4
Jackson,Supplies,70.12,21.04,4,4
Roseville,Supplies,70.24,18.62,8,4
Bristol,Tables,70.56,-4.03,1,5
Wichita,Furnishings,70.56,23.99,6,4
Marion,Chairs,70.69,-24.24,1,0
Watertown,Furnishings,70.71,4.95,1,3
Sacramento,Furnishings,70.82000000000001,22.259999999999998,4,4.5
Orange,Art,70.95,18.45,3,0
Mobile,Paper,70.98,34.78,7,3
Spokane,Tables,70.98,20.58,1,4
Fresno,Furnishings,71.41,27.25,3,4
Lakeland,Art,71.46000000000001,9.87,4,0.5
Johnson City,Paper,71.46000000000001,23.689999999999998,14,4
Coral Springs,Furnishings,71.68,0.44999999999999973,5,0
Wilmington,Binders,71.68,29.65,12,3
Minneapolis,Paper,71.74,33.9,8,4.666666666666667
Westminster,Art,71.92,20.86,4,4
Murray,Phones,71.93,6.29,9,0
San Clemente,Envelopes,71.97,35.99,3,4
Kenner,Accessories,71.98,15.12,2,0
Saint Cloud,Accessories,72,12.96,4,4
San Jose,Accessories,72,12.96,4,2
Des Moines,Envelopes,72.06,33.87,6,4
Greenwood,Paper,72.21,33.22,11,2
West Palm Beach,Paper,72.22,25.28,4,5
Washington,Paper,72.22,34.41,11,5.666666666666667
Providence,Furnishings,72.42,23.9,6,6
Milwaukee,Paper,72.46000000000001,34.57,10,3
Hendersonville,Furnishings,72.7,19.08,4,4
Dublin,Furnishings,72.7,19.08,4,3
San Francisco,Fasteners,72.71,33.08,24,3.8333333333333335
Bakersfield,Chairs,72.78,0,1,3
Murray,Appliances,72.8,19.66,5,5
Chico,Furnishings,72.9,26.97,5,5
Westland,Art,73.12,23.25,8,5
Orem,Furnishings,73.32,22,6,5
Amarillo,Paper,73.92,25.27,8,2.6666666666666665
Plainfield,Phones,73.98,19.97,2,4
Bakersfield,Labels,74,37,5,6
Morristown,Furnishings,74.45,20.1,5,5
East Point,Accessories,75,18,3,6
New Albany,Labels,75.18,35.33,6,4
San Mateo,Labels,75.18,35.33,6,2
Greensboro,Binders,75.27,-58.099999999999994,17,4.75
Lakewood,Envelopes,75.57,31.86,8,5
Tigard,Paper,75.6,27.96,12,5
Richmond,Supplies,75.76,22.32,7,2
Leominster,Binders,75.77,37.44,7,4
Columbus,Supplies,75.93,14.02,10,3
Nashville,Furnishings,75.93,23.9,7,4.5
Urbandale,Art,75.96,22.79,2,7
York,Binders,75.99000000000001,-56.980000000000004,8,4.5
Orange,Appliances,76.12,22.07,2,4
Longview,Appliances,76.12,22.07,2,4
Knoxville,Paper,76.36999999999999,26.92,17,3.75
Toledo,Storage,76.5,1.31,8,4
Aurora,Binders,76.52,-59.3,23,3.5714285714285716
Danville,Envelopes,76.58,38.29,7,2
Albuquerque,Paper,76.82,35.93,11,5
Frankfort,Paper,76.86,26.9,2,3
Memphis,Paper,77.03,26.13,10,3.3333333333333335
Escondido,Art,77.3,21.71,7,4.5
Murfreesboro,Accessories,77.47,-12.02,10,4
Belleville,Furnishings,77.6,38.02,4,6
Monroe,Bookcases,77.73,-3.89,2,4
Saint Paul,Appliances,77.88,22.59,6,5
Clarksville,Furnishings,77.95,-11.69,3,4
Long Beach,Appliances,78.08,24.869999999999997,7,5
Parker,Storage,78.26,-17.61,2,4
New York City,Machines,78.66,36.18,6,6
Round Rock,Bookcases,78.85,-11.6,2,4
Washington,Furnishings,79.05,33.21,5,5.5
Summerville,Phones,79.1,39.55,2,2
Oakland,Storage,79.2,19.599999999999998,6,3.5
Monroe,Furnishings,79.32000000000001,17.56,5,4.666666666666667
Sparks,Art,79.36,23.81,4,2
Cincinnati,Furnishings,79.38,29.77,1,0
Memphis,Fasteners,79.42,27.72,11,5
Everett,Storage,79.45,22.25,7,3
Meriden,Appliances,79.47,22.25,3,2
Lawrence,Paper,79.74000000000001,37.379999999999995,13,5
Albuquerque,Binders,79.87,29.95,3,6
East Orange,Binders,79.95,38.38,5,3
Fremont,Phones,79.96,22.39,4,2
Buffalo,Envelopes,79.96,35.98,2,2
Franklin,Tables,79.97,-29.32,3,5
Athens,Accessories,79.99,28.8,1,4
Utica,Accessories,79.99,28.8,1,4
Medford,Paper,80.46000000000001,26.54,8,5.666666666666667
Las Vegas,Furnishings,80.96,29.15,4,2
Columbia,Appliances,81.19,14.360000000000001,9,4.5
Corpus Christi,Paper,81.19999999999999,25.38,5,3
Miramar,Storage,81.36,-19.32,5,5
Chesapeake,Binders,81.42,38.91,6,5
Tulsa,Envelopes,81.54,38.32,3,2
Troy,Phones,81.57000000000001,-27.1,5,4.5
Midland,Binders,81.66,38.410000000000004,16,4
Rochester,Phones,81.87,23.39,4,5.5
Clifton,Appliances,81.92,22.12,4,3
Franklin,Bookcases,81.94,20.49,1,2
Wichita,Appliances,81.96,22.95,2,4
Lakewood,Storage,81.96,0,2,4
Edmonds,Paper,81.98,40.17,2,4
Chicago,Fasteners,82.53,26.659999999999997,32,4.125
La Mesa,Binders,82.56,28.9,5,5
Logan,Accessories,82.8,6.62,12,5
Oxnard,Accessories,82.95,29.03,5,4
Freeport,Paper,83.35,30.199999999999996,6,1.5
Anaheim,Appliances,83.42,24.19,2,0
Salem,Binders,83.46000000000001,-40.41,14,4.5
Edinburg,Paper,83.84,30.39,8,2
Chandler,Paper,83.88,29.36,1,0
Cleveland,Binders,83.88999999999999,-63.38000000000001,14,3.3333333333333335
Saint Louis,Appliances,83.9,20.98,10,3
Lawrence,Machines,83.9,22.65,2,2
Maple Grove,Storage,84.55,22.83,5,3
Greenville,Accessories,84.67,15.399999999999999,6,4
Lebanon,Storage,84.96,6.37,6,4
Homestead,Storage,85.22,7.46,3,0
Quincy,Furnishings,85.3,14.5,2,0
Mount Vernon,Envelopes,85.62,40.24,7,5
Southaven,Tables,85.98,22.35,1,4
Lafayette,Tables,85.98,22.35,1,3
Hattiesburg,Binders,86.16,39.72,3,6
Sparks,Supplies,86.2,25,5,7
Peoria,Furnishings,86.28999999999999,16.919999999999998,10,4.333333333333333
Bowling Green,Art,86.35,5.4,3,5
Marion,Furnishings,86.44,15.930000000000001,7,3.3333333333333335
Gulfport,Furnishings,86.45,38.04,7,5
Jefferson City,Furnishings,86.62,8.66,2,4
Orlando,Accessories,87.17,10.9,3,6
Knoxville,Appliances,87.17,8.72,2,3
Clinton,Art,87.34,34.61,7,3
Vineland,Accessories,87.4,34.96,5,2
Hattiesburg,Storage,87.92,0.88,4,6
Oklahoma City,Furnishings,88.05,36.7,7,4.5
Raleigh,Paper,88.36,28.209999999999997,6,4
Pasadena,Appliances,88.54000000000002,19.260000000000005,8,3.25
Wheeling,Binders,88.64,43.440000000000005,7,4
Irving,Phones,88.78,7.77,3,5
Brentwood,Labels,88.8,44.4,6,5
Auburn,Paper,88.94,42.72,15,4.333333333333333
Bartlett,Supplies,88.96,10.01,8,6
Troy,Binders,89.27,-3.0100000000000016,18,2.2
Skokie,Furnishings,89.28,-46.53,9,2
Lakeville,Binders,89.28,42.32,16,7
League City,Art,89.43,9.78,14,3
Knoxville,Accessories,89.57,-1.12,4,4
Medina,Accessories,89.58,4.48,2,7
Roseville,Furnishings,89.65,38.75,20,5.333333333333333
Boise,Accessories,89.97,37.79,3,3
New Albany,Chairs,89.99,17.1,1,4
San Diego,Appliances,90.09,25.7,3,4.5
Tempe,Storage,90.14,6.77,6,4.5
Wilmington,Art,90.45000000000002,22.05,21,4.2
Bloomington,Envelopes,90.57,41.25,7,5.5
Minneapolis,Appliances,90.64,38.98,8,4
San Antonio,Art,90.72,19.68,22,4.4
Rome,Chairs,90.88,15.15,1,4
Bristol,Binders,90.89,-6.579999999999999,15,5
Miami,Envelopes,90.89,31.130000000000003,8,3.3333333333333335
Sterling Heights,Art,91.03999999999999,24.13,6,3.5
Chattanooga,Machines,91.48,-1.83,1,3
Eau Claire,Binders,91.68,45.84,3,4
West Jordan,Binders,91.68,28.65,5,6
Long Beach,Accessories,91.96,39.54,4,4
Lakewood,Art,92.10000000000001,20.28,27,3.8333333333333335
Santa Fe,Accessories,92.52,18.5,9,5
West Jordan,Paper,92.94,41.82,3,6
Huntsville,Accessories,92.97999999999999,17.65,4,2
Burlington,Art,93.03,11.290000000000001,28,2.8333333333333335
Moreno Valley,Storage,93.33000000000001,14.73,9,3.5
Bakersfield,Furnishings,93.35,29.67,5,3.5
Marysville,Fasteners,93.36,0.93,12,4
Troy,Paper,93.61000000000001,38.870000000000005,16,2.25
Lakeville,Appliances,93.78,36.57,2,7
Bakersfield,Binders,93.8,32.47,11,4.5
Chicago,Envelopes,94.36,34.1,14,5
Salinas,Binders,94.43,31.12,9,3.6666666666666665
Columbus,Labels,94.46000000000001,35.83,18,3.1666666666666665
Passaic,Accessories,95.1,30.43,5,5
Logan,Binders,95.14,31.340000000000003,6,5
Skokie,Art,95.23,25,6,0
Decatur,Paper,95.46,40.81000000000001,18,5.4
Tucson,Art,95.53999999999999,10.63,7,4.5
Melbourne,Storage,95.62,9.56,2,4
Coppell,Phones,95.84,34.74,4,1
Stockton,Phones,95.84,34.74,4,2
Bristol,Storage,95.94,9.59,3,5
Thomasville,Envelopes,95.95,29.99,3,5
Las Vegas,Appliances,95.98,27.21,9,6.5
Chattanooga,Accessories,95.98,15.6,3,4
El Paso,Accessories,95.98,-10.8,3,3
Redondo Beach,Paper,96.08,46.12,2,1
Watertown,Storage,96.36,25.05,6,4
Boynton Beach,Chairs,97.18,6.07,2,4
Lodi,Supplies,97.3,28.22,7,7
Nashville,Chairs,97.42,10.96,2,3
Greensboro,Art,97.46000000000001,10.55,8,4
Camarillo,Chairs,97.57,-6.1,2,5
Charlotte,Accessories,97.58,22.590000000000003,11,2.5
Bakersfield,Appliances,97.84,25.44,2,3
Florence,Accessories,97.96,21.630000000000003,5,3
Grand Rapids,Phones,97.98,27.43,2,6
Redlands,Storage,98.29,26.54,5,0
Fort Collins,Furnishings,98.33,9.83,3,1
Durham,Appliances,98.35,9.84,3,3
Knoxville,Storage,98.35,-24.59,3,3
Montgomery,Envelopes,98.46,49.23,9,4
Carrollton,Art,99.14,8.67,4,2
Oxnard,Art,99.2,25.79,5,5
Huntington Beach,Art,99.3,27.15,9,4
Bethlehem,Chairs,99.37,-7.1,2,2
Concord,Tables,99.59,2.49,1,4
Rome,Paper,99.9,47.95,5,6
Milwaukee,Phones,99.96,25.48,4,5
Lafayette,Accessories,99.98,42.99,2,4
Dearborn Heights,Accessories,99.98,42.99,2,7
Hesperia,Accessories,99.99,35,1,4
Coachella,Accessories,99.99,44,1,5
Covington,Accessories,100,21,4,4
Pasadena,Paper,100.11000000000001,42.550000000000004,15,2.5
San Antonio,Labels,100.24000000000001,33.83,10,4.5
Bristol,Phones,100.49,25.12,1,2
Yonkers,Binders,100.71000000000001,35.260000000000005,12,5.666666666666667
Plantation,Phones,100.79,10.08,1,7
Paterson,Paper,100.84,46.54,8,4.5
Clovis,Accessories,101.34,8.11,3,4
Minneapolis,Binders,101.41999999999999,50.379999999999995,8,4.75
Marietta,Accessories,101.7,6.1,6,3
Bangor,Appliances,101.96,27.53,2,4
Trenton,Binders,102.21,47.919999999999995,6,2.6666666666666665
Salem,Paper,102.25,41.4,14,4.2
Logan,Storage,102.34,9.01,3,5
Freeport,Chairs,102.58,6.84,1,0
Lorain,Furnishings,103.61,20.19,11,4.5
Sioux Falls,Binders,103.83,50.63,12,5
Utica,Labels,104.67,50.35,13,0
Eugene,Chairs,104.78,-14.41,1,2
Leominster,Storage,104.9,25.18,5,4
Bayonne,Phones,104.98,52.49,2,3
Henderson,Envelopes,105.35,48.09,7,3.25
Fayetteville,Envelopes,105.42,51.66,2,4
Santa Clara,Binders,105.47,38.47,11,3.5
Virginia Beach,Paper,105.52,48.54,4,6
Great Falls,Phones,105.58,9.24,2,7
Lake Forest,Paper,106.38,49.83,4,4
South Bend,Envelopes,106.75,49.11,7,5
Columbus,Fasteners,106.99000000000001,35.1,46,3.5714285714285716
Olathe,Art,107.94,26.99,3,5
Deltona,Phones,107.98,37.79,3,6
Corpus Christi,Furnishings,108.28,-55.5,15,4
Miami,Binders,108.44999999999999,-80.05,30,4.555555555555555
Englewood,Phones,108.58,8.14,3,5
Quincy,Accessories,108.77,2.72,4,4
Lancaster,Furnishings,108.77000000000001,22.35,11,3.6666666666666665
Baltimore,Art,108.93,33.550000000000004,30,4.75
Bangor,Furnishings,109.48,33.94,2,5
Providence,Binders,109.63000000000001,51.12,9,3
Suffolk,Furnishings,109.8,46.12,9,4
Holland,Paper,109.92,53.86,2,6
Westland,Accessories,109.95,36.28,1,4
Parma,Appliances,110.1,33.03,2,4
San Jose,Phones,110.35,8.28,3,5
Providence,Chairs,110.98,15.54,1,3
Burbank,Furnishings,111,14.43,2,6
Conroe,Storage,111.67,6.98,9,3
Saint Louis,Accessories,111.79,43.6,7,5
Modesto,Accessories,111.79,43.6,7,6
Scottsdale,Furnishings,111.89,22.38,7,4
Draper,Accessories,111.93,34.7,7,6
Knoxville,Art,112.77,16.32,12,4.75
Hampton,Binders,113.1,56.55,3,6
Medina,Phones,113.21,-24.75,10,5.5
Saint Charles,Accessories,113.52,46.54,4,0
Georgetown,Binders,113.94,54.69,6,4
Lakewood,Binders,113.94,23.87,19,4.666666666666667
Sandy Springs,Binders,113.94,54.69,6,1
Peoria,Art,114.18,9.74,9,2.6666666666666665
Chicago,Supplies,114.78999999999999,7.88,18,3.8
Saint Paul,Phones,114.95,2.3,5,4
Pasadena,Furnishings,115.2,24.629999999999995,14,2.6666666666666665
Cedar Hill,Paper,115.3,40.35,3,5
Linden,Accessories,115.36,49.6,7,5
Santa Maria,Storage,115.44,30.01,3,2
Marion,Binders,115.84,54.44,8,4
Palatine,Accessories,116.31,23.26,7,1
Macon,Accessories,116.85,43.06,7,3
Caldwell,Paper,117.28,54.47,8,4
Pasadena,Binders,117.52,25.53,10,2
Jonesboro,Binders,117.62,58.43,10,0
Middletown,Paper,117.9,53.53,10,4
Monroe,Paper,118.03,47.92,12,3.5
Chester,Phones,118.69,-23.560000000000002,6,4.5
Manchester,Art,119.04,48.81,6,6
Lakeland,Furnishings,119.38000000000001,19.31,12,2.5
Pasadena,Art,119.47,23.529999999999998,18,4.6
Nashville,Art,119.58,13.219999999999999,19,2.75
Costa Mesa,Binders,119.62,40.37,8,6
Paterson,Appliances,119.78,32.25,6,4.5
Cottage Grove,Accessories,119.8,47.92,4,4
Encinitas,Bookcases,119.83,-12.69,1,5
Grove City,Phones,119.94,15.99,10,3
Utica,Phones,119.94,6,6,0
Anaheim,Accessories,119.96,25.19,4,0
Troy,Accessories,119.97,41.089999999999996,5,2.5
Beaumont,Accessories,119.98,-18,3,5
Encinitas,Accessories,119.98,57.59,2,5
Mission Viejo,Accessories,120,46.8,6,4
Lawrence,Art,120.45999999999998,41.31,17,3.6666666666666665
Mesa,Furnishings,120.58,33.16,8,4
Nashville,Tables,120.96,-28.22,2,5
Perth Amboy,Bookcases,120.98,12.1,1,3
Lakeville,Paper,120.98,59.97,17,5.666666666666667
North Las Vegas,Paper,121.5,57.089999999999996,10,4.333333333333333
Wheeling,Art,121.54,15.19,4,5
Wilmington,Paper,121.61,53.74,20,2.4
Lawrence,Furnishings,121.74,42.14,15,4
Los Angeles,Envelopes,121.75,57.92000000000001,17,4.857142857142857
Fort Worth,Phones,121.86000000000001,7.88,4,5
Kent,Accessories,121.98,1.5,5,5
Fort Worth,Accessories,122.1,0.05999999999999961,3,2.5
Manteca,Chairs,122.35,13.76,3,0
Harrisonburg,Storage,122.48,0,2,1
Toledo,Art,122.69,26.73,11,4
Camarillo,Furnishings,122.91,34.41,3,5
Monroe,Binders,123.53999999999999,57.7,15,4
Arlington,Art,123.80000000000001,27.33,14,3
Hamilton,Appliances,123.92,9.29,5,5
Yonkers,Paper,124.19999999999999,58.11,3,3.5
South Bend,Paper,124.22,57.86,7,5
Costa Mesa,Storage,124.36,33.58,2,6
Pharr,Tables,124.4,-21.33,4,4
Warwick,Paper,124.91999999999999,61.08,4,2
Dallas,Binders,124.92999999999998,-201.83999999999997,79,4.7894736842105265
Laurel,Appliances,125.13,36.29,3,4
Atlanta,Envelopes,125.36,58.92,8,6
Avondale,Accessories,125.44,-15.16,6,5.5
Meriden,Paper,125.6,58.57000000000001,6,4.5
Atlanta,Binders,125.62,60.769999999999996,12,2.4
Smyrna,Binders,125.69,50.51,5,3
Superior,Phones,125.99,35.28,1,5
Gladstone,Furnishings,126.3,40.42,3,1
Denver,Art,126.35,13.68,7,6.5
Phoenix,Binders,126.35,-92.83,41,4.166666666666667
Draper,Phones,126.56,47.46,4,1
Brownsville,Chairs,127.3,-9.09,7,2
Portland,Art,127.92,9.780000000000001,7,3
Florence,Furnishings,127.95,21.75,3,2
Wichita,Binders,127.96,60.14,2,2
Vallejo,Binders,128.16,41.65,10,4.666666666666667
Mishawaka,Binders,128.4,64.2,3,4
Lafayette,Art,128.56,36.95,12,4
Rockford,Art,128.74,12.87,7,4
New Bedford,Phones,128.85,3.87,3,7
Inglewood,Furnishings,128.9,15.47,2,1
Oakland,Binders,128.95,46.59,12,2.5
Citrus Heights,Furnishings,129.39,54.34,3,7
Milwaukee,Binders,129.52,62.42999999999999,26,5.4
Oklahoma City,Paper,129.84,60.94,7,6.333333333333333
Apopka,Furnishings,129.89,12.99,6,0
Bossier City,Furnishings,129.92,10.39,4,4
Chicago,Labels,129.95999999999998,43.81,31,4
Milwaukee,Storage,130.28,35.55,7,0
Philadelphia,Supplies,130.3,11.22,15,3.3333333333333335
Oceanside,Binders,130.43,46.160000000000004,20,4.5
Rochester,Furnishings,130.63,44.74,16,5.25
Auburn,Art,130.83,35.61000000000001,16,3.5
Pembroke Pines,Paper,130.85,45.79,6,6
Murfreesboro,Bookcases,131.1,8.19,2,4
North Las Vegas,Art,131.28,34.14,10,4.5
Wilmington,Envelopes,131.57999999999998,59.54,11,2.5
Saginaw,Phones,131.98,35.63,2,6
Seattle,Fasteners,132.00000000000003,42.370000000000005,44,3.6666666666666665
Columbia,Envelopes,132.16,62.11,7,4.5
Rochester Hills,Accessories,132.52,54.33,4,5
Redmond,Appliances,133.47,15.02,4,6
Gilbert,Storage,133.54000000000002,-25.96,4,6
Jacksonville,Envelopes,134.2,46.92,10,2.75
Akron,Paper,134.26,45.03,14,3.75
Fayetteville,Furnishings,134.34,30.89,19,4
Bloomington,Phones,134.85,37.76,3,5
Richmond,Chairs,134.9,22.22,3,4
Jacksonville,Art,134.96,17.82,24,3.8181818181818183
Houston,Supplies,134.96000000000004,-14.919999999999998,25,4.8
Kenosha,Phones,134.97,64.79,3,4
Lakewood,Accessories,135,37.35,4,5
Memphis,Envelopes,135.55,48,20,6.333333333333333
Noblesville,Phones,135.72,35.29,3,5
Atlanta,Phones,135.95,39.43,1,7
Burlington,Paper,136.95,63.92,10,4.666666666666667
Cranston,Binders,137.01,64.06,5,3
Baltimore,Envelopes,137.25,63.14,9,4
Bristol,Appliances,137.62,60.55,2,2
Oklahoma City,Appliances,137.62,60.55,2,5
San Antonio,Paper,138.23999999999998,46.800000000000004,20,5.25
Toledo,Accessories,138.36,27.810000000000002,4,3.5
Grand Rapids,Binders,138.6,67.91,10,5
Fremont,Paper,138.75,65.92,6,4.5
Scottsdale,Envelopes,139.27,47.96999999999999,11,3
Concord,Paper,139.56,55.129999999999995,8,4
Apple Valley,Storage,139.86,6.47,4,4
Brentwood,Accessories,139.87,48.949999999999996,5,5
Kenosha,Accessories,139.95,26.59,5,4
Newark,Appliances,140.42,44.36,8,5
Bowling Green,Chairs,140.81,39.43,1,5
Glendale,Paper,141.52,51.38,13,3.25
Beverly,Paper,141.76,66.63,4,4
Rapid City,Bookcases,141.96,39.75,2,3
Las Vegas,Bookcases,141.96,41.17,2,4
Tuscaloosa,Chairs,141.96,35.49,2,4
Louisville,Paper,142.35999999999999,58.28,12,3.5
Macon,Furnishings,142.4,52.69,5,5
Roswell,Paper,143.07999999999998,67.57,10,4.75
Virginia Beach,Accessories,143.22,39.66,6,4.5
Roseville,Paper,143.44,67.13,10,5.75
Baltimore,Labels,143.45999999999998,69.6,17,4.5
Park Ridge,Paper,143.86,48.55,9,7
Chattanooga,Phones,143.93,-32.38,9,4
Salt Lake City,Binders,144.44,50.28,8,5
Chester,Labels,145.06,49.510000000000005,8,3
Harlingen,Art,145.54,16.37,7,3
Pico Rivera,Furnishings,145.9,62.74,5,3
Santa Ana,Tables,146.04,-12.78,1,0
Plantation,Chairs,146.14,16.44,3,7
Commerce City,Storage,146.35,-32.93,3,3
Suffolk,Storage,146.73,2.93,3,2
Miami,Art,146.93,19.46,22,4.25
Durham,Art,146.93,12.770000000000001,7,4
Naperville,Phones,147.17,16.56,4,5
Fayetteville,Storage,147.18,-29.44,2,2
Salinas,Bookcases,148.26,15.7,3,2
Bolingbrook,Phones,148.48,16.7,2,6
Akron,Furnishings,149.23,3.73,3,2
Indianapolis,Labels,149.28,74.03,13,4
Edmonds,Furnishings,149.42,55.35,6,3.5
Hampton,Chairs,149.9,40.47,5,0
New Rochelle,Accessories,149.95,15,5,6
Oakland,Accessories,149.97,52.49,3,4
Providence,Paper,150.16,69.56,21,3.2857142857142856
Indianapolis,Art,150.25,43.53,15,4.5
Plantation,Storage,150.41,-33.84,9,0
Renton,Binders,150.8,56.55,5,4
Hollywood,Paper,150.92000000000002,50.58,17,5
Lancaster,Phones,151.53,-28.33,3,4.5
Overland Park,Binders,152,69.92,5,3
Hollywood,Appliances,152.24,17.13,5,2
Kent,Appliances,152.32999999999998,22.94,11,4
Thousand Oaks,Labels,152.65,70.22,5,5
Concord,Binders,152.66,65.41,11,2
Lawrence,Storage,152.81,23.21,7,4.333333333333333
Rancho Cucamonga,Appliances,152.94,41.29,3,3
Troy,Furnishings,152.98000000000002,35.03,7,4.333333333333333
Hialeah,Machines,152.99,-9.18,5,2
Highland Park,Phones,153.58,13.44,2,7
Bedford,Phones,153.58,13.44,2,2
Indianapolis,Binders,153.66,74.21,13,4
Detroit,Labels,154.56,75.67999999999999,21,4
Philadelphia,Fasteners,154.70999999999998,29.320000000000004,73,4.214285714285714
Charlotte,Tables,154.76,-36.11,3,4
Athens,Appliances,154.9,40.27,5,6
Olympia,Furnishings,155.25,46.58,3,4
Lawrence,Accessories,155.34,55.92,6,2
Jacksonville,Bookcases,155.46,-7.77,4,2
Atlanta,Furnishings,155.64000000000001,22.25,6,6.5
Lakeville,Chairs,155.88,38.97,6,2
Lowell,Paper,156.28,72.91999999999999,8,3.3333333333333335
Smyrna,Paper,156.67000000000002,73.74,9,2.3333333333333335
Tigard,Phones,156.79,17.64,1,4
Scottsdale,Appliances,157.92,17.77,5,3
Nashville,Appliances,158.18,13.84,10,5
Hialeah,Phones,158.38,13.86,3,1
Glenview,Phones,158.38,13.86,3,4
Pleasant Grove,Storage,158.9,7.95,5,5
Fairfield,Accessories,158.93,41.72,7,5
Elkhart,Accessories,159.75,11.18,5,2
Reno,Binders,159.77,53.92,7,6
Oxnard,Furnishings,159.91,23.35,5,2.5
Hot Springs,Furnishings,159.92,31.98,4,7
Waterbury,Accessories,159.97,52.8,3,5
Jamestown,Accessories,159.98,57.59,2,5
Farmington,Accessories,159.99,54.4,1,1
Waynesboro,Appliances,160.32,44.89,2,5
Tallahassee,Appliances,161.38,12.1,6,3
Westfield,Furnishings,161.49,23.4,6,5
Modesto,Chairs,161.57,-28.27,2,5
Lakewood,Appliances,161.57,16.16,2,4
Dearborn,Art,161.82,46.93,9,4
Franklin,Accessories,161.94,42.22,6,3.5
Tulsa,Chairs,161.96,45.35,2,6
Plainfield,Appliances,162.54000000000002,42.53,14,6
Perth Amboy,Appliances,162.64,45.54,2,4
Knoxville,Furnishings,163.10000000000002,29.869999999999997,13,3.2
Wilson,Furnishings,163.14,20.39,4,4
Yonkers,Accessories,163.96,70.5,4,5
Lebanon,Paper,163.96,59.44,5,5
Niagara Falls,Phones,164.85,47.81,3,3
Cleveland,Paper,165.51,56.120000000000005,15,1.6666666666666667
Longmont,Accessories,165.6,-6.21,3,6
Perth Amboy,Storage,166.45,39.95,5,6
Lakeville,Storage,166.72,41.68,2,5
Roseville,Binders,167.28,67.63000000000001,12,2.75
Tulsa,Accessories,167.28,23.42,12,2
Lincoln Park,Appliances,167.29,29.74,6,3
Burlington,Appliances,167.44,14.65,2,0
Trenton,Appliances,167.54,37.23,3,4
Baltimore,Appliances,168.44,46.52,16,2.5
Smyrna,Phones,168.79,33.9,11,3.5
Memphis,Furnishings,168.86,10.14,10,5.5
Lawrence,Binders,169.46,80.38,17,3
Bloomington,Furnishings,169.5,2.0100000000000016,5,4.5
Fort Lauderdale,Storage,169.55,-26.92,4,6.5
San Antonio,Storage,170.14999999999998,-10.19,9,3.3333333333333335
Lakeland,Accessories,170.24,53.2,2,2
Bristol,Chairs,170.35,10.65,3,4
Everett,Bookcases,170.98,32.49,1,2
Roseville,Storage,171.04,44.47,4,0
Pasadena,Tables,171.29,-6.42,3,5
Rockville,Chairs,172.5,51.75,2,4
Cincinnati,Accessories,173,31.35,8,2
Waterbury,Furnishings,173.24,17.32,4,1
Colorado Springs,Paper,173.60999999999999,58.19,17,4.8
Huntsville,Paper,173.83999999999997,73.34,17,3.3333333333333335
Gaithersburg,Bookcases,173.94,38.27,3,5
Malden,Bookcases,173.94,13.92,3,6
Arlington,Phones,173.94,50.44,6,5
Passaic,Tables,174.29,-19.92,2,5
Peoria,Phones,174.3,-5.359999999999999,4,4
Tulsa,Phones,174.78,29.009999999999998,10,3.5
Long Beach,Art,174.82999999999998,55,20,5.4
Saginaw,Storage,175.91,9.55,5,6
South Bend,Storage,176.16,47.91,6,5
Long Beach,Bookcases,176.78,-22.1,1,6
Everett,Accessories,177,30.09,3,3
Long Beach,Labels,177.21,84.24000000000001,22,5.333333333333333
Tampa,Paper,177.43,63.75,6,4
Lawrence,Labels,177.56,82.75,10,4.333333333333333
San Bernardino,Binders,177.89,61.480000000000004,10,4.5
Omaha,Paper,178.07999999999998,86.41,13,3.4
Miami,Furnishings,178.11,8.47,12,4
Madison,Accessories,178.11,32.06,3,5
Thornton,Accessories,179.09,24.62,14,3
Suffolk,Appliances,179.94,50.38,3,2
Dublin,Phones,180.38,-32.93,9,4
Riverside,Appliances,180.44,48.75,6,2
Sandy Springs,Phones,180.63,56.480000000000004,9,2
Florence,Appliances,180.66,50.58,3,5
Austin,Phones,180.78,21.2,2,4.5
Decatur,Phones,180.93,46.59,3,7
Dearborn Heights,Chairs,180.98,47.05,1,7
Wilson,Storage,181.53,-27.87,4,5
Houston,Fasteners,181.71999999999997,55.05,54,4
Fairfield,Tables,181.8,-15.58,1,0
Fargo,Art,181.84,51.879999999999995,18,2.75
Marietta,Chairs,182.67,52.97,3,3
Virginia Beach,Appliances,182.91,53.04,3,3
Sioux Falls,Chairs,182.94,27.44,3,5
Phoenix,Paper,183.74,63.739999999999995,21,3.6666666666666665
San Diego,Envelopes,184.04000000000002,86.62,13,4
Fairfield,Paper,184.45,75.03999999999999,20,3.5714285714285716
Delray Beach,Storage,184.7,13.85,6,3
Phoenix,Supplies,185.38,-34.76,2,7
Charlotte,Supplies,185.38,-34.76,2,2
Irving,Supplies,185.38,-34.76,2,6
Yuma,Accessories,185.53,48.7,7,0
North Las Vegas,Furnishings,185.97,55.92,13,4
Deltona,Chairs,186.3,13.97,4,6
Hampton,Furnishings,186.54,41.04,3,5
Athens,Furnishings,186.54,41.04,3,4
Midland,Appliances,186.73,41.5,1,3
Baltimore,Accessories,188.13,28.71,9,2
Mobile,Binders,188.37,92.93,11,3.3333333333333335
Fresno,Paper,189.5,89.94999999999999,11,4.4
Hamilton,Furnishings,190.85,-21.47,3,7
Tampa,Binders,190.86,-140.57,29,3.75
Watertown,Chairs,191.65,31.94,3,7
Des Moines,Binders,191.89000000000001,75.12,15,5.2
Jackson,Furnishings,191.93999999999997,76.74,16,4.75
Chula Vista,Art,192.8,55.91,4,0
Plano,Bookcases,193.07,-19.87,4,4
Oklahoma City,Binders,193.23999999999998,91.42999999999999,15,3.6666666666666665
Glendale,Storage,193.58999999999997,3.299999999999999,8,3.5
Lawrence,Tables,194.25,-38.85,2,5
Lincoln Park,Bookcases,194.32,31.09,4,6
Tamarac,Appliances,194.53,24.32,2,2
Rochester,Accessories,194.74,39.03,3,4.333333333333333
Raleigh,Chairs,194.85,12.18,4,5
Gresham,Chairs,195.14,-12.2,4,5
Bakersfield,Bookcases,195.47,-13.8,2,2
Georgetown,Appliances,195.68,50.88,4,2
Las Vegas,Binders,195.70999999999998,68.22,20,5.25
Minneapolis,Furnishings,196.14000000000001,33.73,9,4.333333333333333
Las Vegas,Paper,196.28,96.5,17,3.25
Westminster,Accessories,196.73,27.549999999999997,7,4
Inglewood,Phones,196.78,14.76,3,4
Greenville,Chairs,196.78,-22.14,2,4
Salt Lake City,Paper,196.83999999999997,92.14,22,5.75
Hackensack,Phones,197.97,57.41,3,4
Fayetteville,Bookcases,198.27,-32.22,8,4
Texas City,Chairs,199.3,-8.54,4,4
Wilmington,Tables,199.84,-37.11,4,1
Pine Bluff,Accessories,199.95,63.98,5,2
Charlotte,Binders,200.28999999999996,-145.44,38,4.285714285714286
Marietta,Phones,200.97,50.24,3,0
Lancaster,Accessories,200.97,2.0300000000000002,13,4.6
Chester,Envelopes,200.98,62.81,7,3
Durham,Envelopes,200.98,62.81,7,5
Lancaster,Binders,201.16999999999996,-25.479999999999997,37,4
Olympia,Phones,201.57,22.68,4,2
Bakersfield,Phones,201.58,12.6,2,6
Jacksonville,Binders,201.64999999999998,-149.87000000000003,60,4.333333333333333
La Crosse,Chairs,201.96,50.49,2,5
Richmond,Envelopes,202.29999999999998,97.86,17,4
Providence,Storage,203.51999999999998,52.959999999999994,10,4.666666666666667
Oakland,Appliances,203.52,54.95,3,1
Indianapolis,Accessories,203.64,60.230000000000004,6,2.6666666666666665
Laguna Niguel,Bookcases,203.98,16.8,2,4
Charlotte,Labels,204.29000000000002,67.18,25,4
Dover,Accessories,204.98,62.540000000000006,5,4.5
Amarillo,Bookcases,205.33,-36.24,2,4
Morgan Hill,Bookcases,205.67,-12.1,2,4
Athens,Phones,206.1,55.65,5,4
Smyrna,Art,206.14,54.949999999999996,14,5.5
Marion,Storage,206.2,-29.439999999999998,6,4
Chester,Art,206.22,18.75,11,3.3333333333333335
Chico,Tables,206.35,5.16,3,5
Marlborough,Furnishings,206.64,67.60000000000001,6,5
Westminster,Chairs,207.18,25.9,1,4
Nashville,Storage,207.56,4.890000000000001,2,5.5
Haltom City,Accessories,207.98,36.4,2,3
Inglewood,Paper,208.05,100.63000000000001,17,2
Decatur,Appliances,208.16,56.2,1,3
Arlington,Binders,208.37000000000003,50.019999999999996,38,4.3
Louisville,Appliances,208.44,62.53,3,3
Lakewood,Paper,208.70999999999998,90.80000000000001,26,4.2
Middletown,Furnishings,209.41,48.1,5,2
Lawrence,Phones,209.5,58.66,10,4
Rochester,Tables,209.67,-13.98,1,5
Henderson,Paper,209.76999999999998,98.98,16,3
Sacramento,Accessories,209.94,39.89,6,7
Bowling Green,Accessories,210.96,25.94,9,4
Fresno,Phones,211.17,15.84,4,1
Miami,Appliances,211.25,15.84,6,4
Newport News,Storage,211.60999999999999,14.31,6,4.5
Trenton,Furnishings,211.62,79.42,17,4
Hackensack,Furnishings,211.65,89.77000000000001,12,5
Memphis,Storage,211.83,-28.25,7,4
Jacksonville,Storage,211.96,-17.759999999999998,11,2.75
Springfield,Bookcases,212.94,53.24,3,5
Vineland,Chairs,212.94,25.55,3,7
Kirkwood,Furnishings,212.94,34.07,3,1
Tampa,Art,213.29,14.99,11,3
Arlington,Chairs,213.43,-39.64,5,3
New York City,Fasteners,213.65999999999997,86.28999999999999,67,4.411764705882353
Rockford,Paper,213.89000000000001,77.53,10,3
Edmonds,Appliances,213.92,62.04,4,2
Milwaukee,Tables,214.11,36.4,3,2
Marion,Paper,214.13,101.72,10,3.3333333333333335
Richmond,Paper,214.18,100.44999999999999,33,3.9166666666666665
Newark,Envelopes,214.37,96.30999999999999,19,4.333333333333333
Long Beach,Storage,214.8,45.21,14,2
Dallas,Furnishings,214.95999999999998,-130.76999999999998,35,4.222222222222222
Long Beach,Supplies,215.86,61.38,18,4.2
Omaha,Phones,215.89999999999998,52.36,10,5.333333333333333
Des Moines,Chairs,215.98,-2.7,3,3
Sunnyvale,Chairs,215.98,-2.7,3,2
Dallas,Supplies,216.34,-3.0900000000000007,27,5.285714285714286
Fresno,Appliances,216.57999999999998,57.120000000000005,6,3
Salem,Accessories,216.7,-26.650000000000002,13,4
Huntsville,Storage,217.08999999999997,-12.530000000000005,9,4.5
Newark,Paper,217.21999999999997,99.31,35,5
Miami,Paper,219.14999999999998,74.43,27,2.7142857142857144
Louisville,Art,219.76999999999998,56.93000000000001,9,3
Grand Prairie,Phones,219.8,24.73,5,4
Sanford,Furnishings,220.7,-8.28,6,4
Johnson City,Phones,220.76,13.8,4,3
Providence,Bookcases,220.98,50.83,1,5
Coon Rapids,Storage,221.16,57.5,4,5
Redlands,Art,221.79,63.67,17,1.3333333333333333
Monroe,Phones,221.93,67.18,7,5.5
Los Angeles,Fasteners,223.00000000000003,85.33999999999999,61,3.6
Kent,Phones,223.56,-13.64,11,3.3333333333333335
Southaven,Accessories,223.96,53.75,4,4
Monroe,Accessories,224.37,67.33999999999999,18,3.75
Raleigh,Furnishings,224.61,64.35000000000001,21,3.6666666666666665
Wichita,Phones,224.75,62.93,5,3
Cary,Appliances,225.08,23.869999999999997,10,4.5
Fayetteville,Chairs,225.3,22.53,2,2
Saint Charles,Furnishings,226.14000000000001,-32.419999999999995,13,2.75
Hampton,Phones,226.2,58.81,5,5
Glendale,Accessories,227.12,14.51,14,3.6666666666666665
Oklahoma City,Phones,227.48,63.53,3,4
Meridian,Appliances,227.84,66.07,4,5
Belleville,Chairs,227.96,36.47,2,4
Costa Mesa,Furnishings,228.21999999999997,64.19,17,4.5
Arlington,Furnishings,228.42999999999998,31.240000000000002,29,4.571428571428571
Lancaster,Storage,229.20000000000002,-27.46,11,3
North Las Vegas,Accessories,229.55,89.42999999999999,5,5
Inglewood,Chairs,230.28,23.03,3,2
Rio Rancho,Chairs,230.35,20.16,3,5
Colorado Springs,Chairs,230.35,20.16,3,2
Tempe,Phones,230.38,20.16,3,3
Saint Petersburg,Paper,231.28000000000003,72.86,20,5
Oakland,Art,231.60000000000002,59.97,10,3.3333333333333335
Waynesboro,Furnishings,231.89,55.480000000000004,3,3.5
Port Saint Lucie,Bookcases,231.92,5.8,5,3
Greenville,Bookcases,231.92,5.8,5,4
Gaithersburg,Phones,231.98,67.27,2,5
Palm Coast,Furnishings,232.74,21.36,5,3
Lafayette,Chairs,232.88,60.55,4,4
Tulsa,Binders,233.94000000000003,110.06000000000003,24,4.166666666666667
Providence,Phones,234.82999999999998,4.93,5,3
Glendale,Furnishings,234.95,-8.709999999999999,6,3
Smyrna,Storage,235.42000000000002,3.16,4,0
Covington,Appliances,236.88,66.33,6,4
Brownsville,Storage,237.1,20.75,3,2
Mesa,Storage,237.37000000000003,-1.2899999999999998,14,5
Middletown,Accessories,238,38.08,2,4
Baltimore,Tables,239.37,-23.94,2,5
Belleville,Paper,239.48999999999998,114.96000000000001,12,5.5
Fayetteville,Accessories,239.5,94.19,14,4.333333333333333
Troy,Storage,239.58,60.21,8,2.5
Little Rock,Binders,239.62,114.66,15,3.25
Concord,Bookcases,239.67,14.1,2,4
Fresno,Binders,239.67,81.22,17,3.4
Portland,Accessories,239.8,47.96,5,6
Decatur,Accessories,239.92,23.99,8,7
Omaha,Accessories,239.94,69.88,6,3
Spokane,Accessories,239.94,26.39,6,1
Roswell,Phones,239.97,67.19,3,4
Costa Mesa,Accessories,239.97,26.4,3,3
Nashville,Phones,239.98,27,3,5
Mentor,Accessories,239.98,65.99,3,0
Woodland,Phones,239.98,24,2,4
Lebanon,Phones,239.98,18,3,7
Smyrna,Bookcases,239.98,52.8,2,0
San Diego,Machines,239.98,39,2,5
Cranston,Tables,240.74,-13.76,4,1
Harlingen,Bookcases,241.33,-14.2,5,3
Costa Mesa,Chairs,241.57,18.12,2,6
Pembroke Pines,Bookcases,241.57,0,2,7
West Allis,Bookcases,241.96,24.2,2,5
Lansing,Bookcases,241.96,41.13,2,2
Albuquerque,Storage,242.34,67.7,14,4.666666666666667
Charlotte,Chairs,242.35,15.15,3,7
Allen,Tables,244.01,-31.37,2,5
Vineland,Tables,244.01,-31.37,2,4
Quincy,Tables,244.62,20.97,1,5
Orlando,Phones,244.77,24.48,4,5
Houston,Labels,244.79,84.71000000000001,38,4.3
Wausau,Appliances,245.88,68.85,6,5
Lakewood,Chairs,245.98,27.06,2,5
Cary,Phones,246.17,21.54,3,5
Milwaukee,Appliances,247.48,81.12,11,4.5
Lawton,Tables,248.98,54.78,2,0
Greenville,Phones,249.58,31.2,2,4
Chattanooga,Furnishings,250.45999999999998,4.199999999999999,14,4.333333333333333
Concord,Art,251.42,71.8,17,4.333333333333333
Salem,Supplies,251.81,9.69,9,5.333333333333333
Roswell,Accessories,251.89,87.39,11,4
Toledo,Phones,252.28,-46.5,10,5
Rockford,Chairs,254.6,-18.19,14,4
Lakewood,Bookcases,257.5,24.24,3,4
Florence,Phones,257.96999999999997,68.99,3,5
Rochester,Binders,258.46,113.72999999999999,33,4.111111111111111
Costa Mesa,Phones,258.58,19.39,2,5
Long Beach,Binders,259.93999999999994,91.34,16,4.5
Mesa,Paper,260.81,90.83000000000001,24,3.1666666666666665
Provo,Storage,261.74,65.44,2,4
Visalia,Storage,261.74,65.44,2,7
Henderson,Bookcases,261.96,41.91,2,3
Muskogee,Tables,262.11,62.91,1,0
Tucson,Furnishings,262.35,60.300000000000004,10,3.6666666666666665
Mcallen,Art,262.59,23.12,13,4.5
Springfield,Envelopes,263.37,122.21,26,3.5714285714285716
Salem,Art,264.48,68.45,39,3.4444444444444446
Columbia,Accessories,264.92999999999995,87.84,16,4.4
Oakland,Furnishings,265.39,51.17,19,2.8
Longmont,Furnishings,266.35,-13.32,3,2
Aurora,Furnishings,266.47,-11.819999999999999,21,3.8333333333333335
Alexandria,Furnishings,267.46,104.45,20,5
Auburn,Storage,267.92,13.96,5,4
Morgan Hill,Tables,268.7,6.72,3,4
North Charleston,Storage,269.49,5.39,3,3
Rochester,Chairs,269.97,51.29,3,4
Rome,Phones,269.98,67.5,2,6
Lakewood,Furnishings,269.99,100.78,25,3.5714285714285716
Rockville,Phones,270.45,68.51,5,5
Jackson,Binders,271.15,127.72,29,4.625
Laredo,Accessories,271.15999999999997,48.15,8,4
Atlanta,Paper,271.26,130.04,29,4
Memphis,Appliances,272.05,30.61,7,5
Clinton,Furnishings,273.22,56.94,12,3.75
Manhattan,Phones,273.96,10.96,2,4
Louisville,Chairs,275.1,57.03,6,4
Montgomery,Storage,275.97,11.04,3,2
Boynton Beach,Furnishings,276.97,55.05,8,0
Richmond,Furnishings,277.47,89.28999999999999,25,5
Henderson,Binders,277.56,131.76000000000002,20,3.2857142857142856
Cranston,Furnishings,278.11,77.31,11,1.5
Oceanside,Storage,278.18,14.98,8,4
Cleveland,Accessories,278.74,4.84,12,3.25
Peoria,Accessories,282.88,-36.86,6,6
Austin,Accessories,283.88,52.4,18,3
Lake Elsinore,Chairs,283.92,17.75,5,6
Temecula,Accessories,285.09,42.59,6,2
Greensboro,Chairs,285.45,0.6199999999999992,10,5.5
Spokane,Storage,285.99,48.870000000000005,16,3
Cleveland,Appliances,286.26,17.89,1,4
Park Ridge,Phones,286.4,25.06,1,5
Westland,Furnishings,287.67,34.88,6,6
San Antonio,Machines,287.91,33.59,3,5
Seattle,Envelopes,288.65,137.27999999999997,13,6.25
Virginia Beach,Furnishings,288.83000000000004,95.11,7,5.5
Orlando,Bookcases,289.57,10.86,2,5
Miami,Bookcases,290.35,-36.29,3,7
Mission Viejo,Bookcases,290.67,3.42,2,2
Gastonia,Accessories,291.96,54.74,5,6
Fairfield,Binders,292.30999999999995,102.55,36,3.6666666666666665
Westland,Storage,292.52,28.51,7,5.666666666666667
San Diego,Labels,294.15,138.72,43,4.5
Newark,Binders,294.23,125.39000000000001,26,3
Louisville,Furnishings,296.18,58.9,14,5
Chicago,Binders,296.32000000000005,-487.53,141,4.609756097560975
Tallahassee,Paper,297.23,99.26999999999998,36,4.5
Encinitas,Tables,298.78,7.47,3,3
Huntsville,Art,299.72,72.99,17,4.75
Pomona,Accessories,299.94,104.97999999999999,6,3.5
Newark,Bookcases,299.97,56.99,3,6
San Jose,Furnishings,301.11999999999995,72.41999999999999,16,4.25
Holyoke,Bookcases,301.96,60.39,2,5
Conway,Tables,301.96,45.29,2,7
Taylor,Chairs,301.96,33.22,2,5
Anaheim,Phones,302.38,22.68,3,5
Vancouver,Phones,302.38,22.68,3,5
Columbia,Art,302.54,86.12,22,2.2
New York City,Tables,302.88,-100.94999999999999,9,2
Salem,Bookcases,302.94,69.68,3,6
San Gabriel,Furnishings,303.25,63.68,5,5
Wilmington,Storage,304.11,85.15,11,3
Boise,Phones,304.78,22.86,3,4
Burlington,Accessories,305.01,110.65,9,4.5
Southaven,Storage,306.2,0,5,4
Toledo,Appliances,306.58000000000004,33.27,13,4.333333333333333
Charlotte,Paper,306.7,107.95,12,4.333333333333333
Amarillo,Phones,307.17,30.72,4,6
Tempe,Chairs,307.92,-34.64,5,4
Redondo Beach,Bookcases,308.5,-18.15,3,5
Rochester,Paper,309.27000000000004,147.63,33,4.111111111111111
Decatur,Storage,309.6,11.259999999999998,16,3.2
Milwaukee,Furnishings,309.64,94.67999999999999,23,3
Cleveland,Furnishings,311.81,-11.999999999999998,18,4.2
Coral Springs,Bookcases,314.35,-15.72,3,1
Baltimore,Phones,314.91,104.82,9,5.666666666666667
Vancouver,Accessories,316,31.6,4,5
Henderson,Appliances,316.38,87.05,6,4
Trenton,Phones,317.68,87.03,8,6
Houston,Binders,319.27000000000004,-509.6299999999999,176,4.081632653061225
Atlanta,Accessories,319.71,51.93,13,4.5
Baltimore,Paper,322.18,155.72,23,4.8
Cincinnati,Storage,322.76,28.249999999999996,3,4.5
Orem,Storage,323.1,61.39,2,4
Redlands,Chairs,323.14,20.2,4,0
Colorado Springs,Furnishings,325.69,1.490000000000002,17,4
Brownsville,Bookcases,327.73,-14.46,2,6
Reading,Furnishings,327.89,-22.6,7,3
Franklin,Phones,328.59000000000003,32.71,9,4.333333333333333
Jackson,Phones,328.59000000000003,86.31,8,5
Austin,Storage,329.63000000000005,-42.62,9,4.75
Louisville,Storage,333.03999999999996,30.34,6,3.5
Johnson City,Appliances,333.06,29.14,2,6
Freeport,Furnishings,333.07,57.709999999999994,6,4.5
Lawton,Storage,333.09,23.32,3,0
Columbia,Binders,333.15,117.75,44,3.4285714285714284
Redding,Phones,333.58,25.02,3,6
Franklin,Furnishings,333.88000000000005,109.32,19,4.75
Sacramento,Phones,334.36,22.24,4,4.5
Portland,Paper,335.40000000000003,113.37,27,5.4
Phoenix,Furnishings,335.66999999999996,20.03,19,5
Durham,Furnishings,335.74,25.18,2,3
Lancaster,Paper,336.06999999999994,119.11,29,2.875
Chesapeake,Phones,336.12,92.04,10,3.3333333333333335
Chicago,Art,336.22999999999996,49.56,91,3.7916666666666665
Pasadena,Machines,336.51,44.87,3,6
Hollywood,Furnishings,337.09,16.85,4,5
Concord,Storage,337.29999999999995,33.71,10,3
Caldwell,Chairs,338.35,4.23,3,4
Sunnyvale,Accessories,339.9,77.08,10,4
Hialeah,Bookcases,339.92,8.5,5,6
Helena,Phones,339.96,42.5,5,4
Orland Park,Accessories,339.96,67.99,5,5
Odessa,Chairs,340.12,-9.72,6,4
Oklahoma City,Bookcases,341.96,54.71,2,2
Long Beach,Paper,342.59,158.63000000000002,39,4.375
Mcallen,Phones,342.74,30.6,6,4
Lakewood,Machines,343.2,38.61,1,4
Amarillo,Accessories,343.39,63.75,6,0
Baltimore,Bookcases,344.94,31.04,3,5
San Jose,Appliances,345,98.62,12,4.25
Clinton,Binders,346.21,165.89,22,5
Jackson,Storage,346.38000000000005,59.43,20,4.6
Westminster,Furnishings,347.28,73.24,7,4
Seattle,Labels,347.7099999999999,165.76,47,3.9285714285714284
Bloomington,Storage,349.47,26.61,6,5
Arlington,Accessories,350.03999999999996,36.919999999999995,11,4.5
Akron,Accessories,351.94,49.89,8,4.5
Phoenix,Storage,352.34000000000003,38.25,18,6
Tulsa,Storage,352.8,15.75,5,5.5
Franklin,Binders,353.34,157.53,21,4.166666666666667
Detroit,Art,354.32,104.81,32,4.777777777777778
Buffalo,Furnishings,354.85,70.97,8,3.5
Santa Ana,Phones,355.12,41.75,10,3.5
Quincy,Paper,355.84999999999997,152.32999999999998,23,4.5
Virginia Beach,Tables,356.85,60.66,5,6
Olathe,Supplies,357.93,7.16,3,7
Montgomery,Tables,358.58,39.44,2,4
San Jose,Paper,358.76,163.7,18,2.5
Peoria,Bookcases,359.06,-35.91,3,3
Saint Petersburg,Phones,359.34000000000003,35.870000000000005,7,7
Philadelphia,Tables,360.53,-90.91,5,3
Jackson,Appliances,360.98,96.50999999999999,12,4.75
San Francisco,Envelopes,362.49,172.58,39,3.4615384615384617
San Diego,Art,362.66,104.61,37,4.75
Columbia,Bookcases,362.94,36.29,3,4
Anaheim,Chairs,363.92,-31.84,5,0
San Francisco,Machines,369.16,32.3,11,4
Austin,Paper,369.27,120.82,25,4.666666666666667
Wilmington,Phones,370.42,57.53,10,3.5
Torrance,Phones,371.2,41.76,5,4
Alexandria,Phones,372.32,61.040000000000006,16,4.666666666666667
Charlotte,Appliances,372.38,45.03,10,4
Detroit,Bookcases,373.91999999999996,78.42,4,6.5
Fresno,Bookcases,375.64,33.29,5,3
San Jose,Bookcases,376.5,-18.93,3,5
Lawrence,Appliances,379.55,107.02999999999999,13,3
Glendale,Chairs,380.24,23.29,5,2.5
Jackson,Accessories,380.93,120.08000000000001,18,4
Arlington,Paper,382.30000000000007,166.63,39,3.857142857142857
Everett,Paper,383.51,179.26,20,2.8
Des Plaines,Phones,383.84,47.98,4,4
Hollywood,Phones,383.96,38.4,5,5
Inglewood,Storage,384.69,26.39,8,1.5
Tucson,Paper,385.41,122,22,4
Clarksville,Bookcases,387.14,-14.52,4,4
Lafayette,Bookcases,387.70000000000005,57.19,5,2.5
Denver,Paper,387.95000000000005,127.06,23,3.8
Cleveland,Phones,388.13,-80.97,8,2.6666666666666665
Miramar,Appliances,389.06,48.63,4,5
Fayetteville,Paper,389.34999999999997,147.54000000000002,43,4.3
Tallahassee,Chairs,390.27,-24.39,8,6
Chattanooga,Chairs,390.37,48.8,2,4
Warner Robins,Chairs,392.94,43.22,3,5
Chicago,Furnishings,394.12,-252.14000000000004,83,4.037037037037037
Coral Springs,Appliances,394.13,24.72,6,5
Peoria,Chairs,394.16,31.86,3,2.5
Manchester,Storage,394.21999999999997,57.400000000000006,17,4.5
Columbus,Phones,395.72,-15.530000000000001,22,3.3333333333333335
Newark,Chairs,396.8,-11.34,7,2
Pleasant Grove,Phones,399.96,35,5,5
Pembroke Pines,Accessories,400.37,-7.76,6,6.333333333333333
Richmond,Phones,400.87,110.19,12,4.5
Little Rock,Paper,401.37999999999994,189.57,19,3.4285714285714284
Phoenix,Chairs,401.51,31.1,11,5.666666666666667
Jackson,Chairs,401.53,9.050000000000004,4,5
Chesapeake,Appliances,401.64,110.42,8,3.5
Concord,Accessories,401.96000000000004,80.15,4,4
Gresham,Phones,403.17,25.2,4,4
Nashville,Paper,404.2200000000001,134.06,30,5.142857142857143
Long Beach,Tables,405.45000000000005,-14.76,4,5.5
Eau Claire,Bookcases,405.86,32.47,7,4
Oceanside,Furnishings,407.16999999999996,139.17000000000002,26,3.25
San Jose,Binders,408.06000000000006,142.37,34,3.875
Aurora,Appliances,408.11,44.96,12,4.25
Carol Stream,Chairs,408.42,-5.83,2,4
Columbus,Art,408.49999999999994,100.9,50,3.142857142857143
Milwaukee,Accessories,408.96,127.08,26,3.8
Dallas,Bookcases,410.66999999999996,-33.28,4,5
Aurora,Paper,412,146.10999999999999,24,2.2
Baltimore,Chairs,412.93999999999994,67.36,3,3.5
York,Chairs,422.06,-18.09,3,4
Des Plaines,Bookcases,424.12,-30.29,6,3
Hesperia,Bookcases,424.96,20,5,5
Dallas,Art,425.46000000000004,45.36,28,3.6363636363636362
Redlands,Bookcases,425.83,20.04,1,0
Little Rock,Storage,430,32.09,8,5
Round Rock,Phones,431.98,32.4,3,5
Miami,Phones,433.36,36.1,5,3.5
Jackson,Paper,436.18,206.72999999999996,37,3.75
Richmond,Accessories,436.6,162.14999999999998,20,4.166666666666667
Hesperia,Chairs,436.7,-38.21,6,4
Dover,Furnishings,437.9,132.26,14,3.75
Redondo Beach,Phones,438.37,38.36,4,5
Mesa,Chairs,441.92,49.72,2,5
Springfield,Labels,442.68,182.57999999999998,40,3.888888888888889
Pocatello,Phones,442.76,31.45,6,2
Marion,Accessories,444.71,95.66,7,4.333333333333333
Whittier,Phones,444.77,44.48,4,5
Everett,Tables,446.07,0,4,2
Oceanside,Chairs,450.51,63.56,6,4.666666666666667
Danville,Storage,452.55,22.63,7,2
Springfield,Binders,452.56,94.92,64,3.8125
Philadelphia,Labels,453.24,151.9,98,3.7142857142857144
Des Moines,Phones,453.38,79.47,5,4
Franklin,Chairs,453.68,58.41,4,6
Edmonds,Phones,455.71,34.18,2,3
Seattle,Supplies,457.99000000000007,37.660000000000004,27,3.625
Houston,Furnishings,459.0099999999999,-261.5199999999999,93,3.357142857142857
Madison,Bookcases,459.92,41.39,4,5
Plano,Phones,465.53999999999996,92.75,7,4.666666666666667
Arvada,Chairs,466.77,52.51,2,2
Albuquerque,Phones,467.1,66.25,14,4.666666666666667
Pearland,Phones,470.38,52.92,3,1
Columbus,Envelopes,471.97999999999996,184.78,37,3.2222222222222223
Lakewood,Phones,472.74,-5.099999999999998,8,5
Aurora,Phones,472.97,52.25,16,3.5
Scottsdale,Phones,475.17,39.04,3,2.5
Reno,Phones,475.94,59.49,7,0
Pocatello,Storage,477.15,28.63,5,2
Hoover,Supplies,477.24,9.54,4,2
San Jose,Chairs,479.28,51.57,7,2.6666666666666665
Fresno,Copiers,479.98,60,2,1
New York City,Copiers,479.98,60,2,5
Los Angeles,Copiers,479.98,60,2,4
Dallas,Machines,479.99,56,2,4
Longmont,Chairs,483.14,54.35,4,2
Anaheim,Furnishings,485.02000000000004,129.74,23,3.25
Pasco,Storage,485.88,19.44,6,6
San Francisco,Supplies,486.15000000000003,72.38,37,3.3076923076923075
Newark,Storage,486.27,4.5000000000000036,15,2.8333333333333335
Bakersfield,Tables,486.37,36.48,4,6
Concord,Chairs,493.49,-24.29,7,5.5
Providence,Tables,493.92,-28.22,7,3
Temecula,Phones,494.38,49.44,3,2
Denver,Accessories,495.75,78.35000000000001,11,3
Jacksonville,Furnishings,500.42,64.25,29,3.727272727272727
Gilbert,Phones,501.54999999999995,88.01,7,6
El Paso,Storage,501.69,5.239999999999998,6,3
Canton,Storage,501.81,0,3,2
San Francisco,Labels,501.91,238.79999999999998,96,3.65
Pembroke Pines,Phones,503.96,50.4,5,7
Carol Stream,Storage,504.1,54.99,8,4
Columbus,Binders,505.2999999999999,4.63,100,4.038461538461538
Camarillo,Bookcases,509.96,42,5,5
Tampa,Furnishings,510.23999999999995,49.790000000000006,19,4.857142857142857
Miami,Chairs,512.79,10.240000000000002,4,2.5
Clinton,Chairs,512.8100000000001,108.44,11,3.5
Grand Prairie,Chairs,514.4300000000001,-43.5,5,4
Detroit,Paper,514.5400000000001,242.74,39,4.153846153846154
Saint Petersburg,Storage,516.96,-6.46,4,4
Louisville,Binders,521.1899999999999,180.60999999999999,48,4.818181818181818
Chicago,Bookcases,523.48,-50.81,8,2
Phoenix,Appliances,525.69,48.059999999999995,12,5.333333333333333
Austin,Chairs,527.69,-27.41,8,5
Pasadena,Accessories,527.8799999999999,38.699999999999996,13,4.333333333333333
Denver,Furnishings,528.41,4.95,13,3.6666666666666665
Phoenix,Accessories,530.8100000000001,70.93,13,5.4
Dallas,Envelopes,532.62,177.54999999999998,21,5.375
Fairfield,Machines,532.72,53.27,2,3
Knoxville,Chairs,532.73,-46.28,6,4.5
Saint Petersburg,Furnishings,533.1600000000001,71.85999999999999,13,4.75
Highland Park,Chairs,539.66,-7.71,3,4
Laredo,Phones,546.36,47.81,5,2
Detroit,Appliances,546.73,131.61,14,3.25
Lafayette,Furnishings,549.86,42.02,13,3.3333333333333335
Richmond,Tables,550.04,125.48,5,3.5
Middletown,Storage,552.56,0,4,7
Miramar,Furnishings,559.2,55.02,8,5
Plainfield,Storage,563.4,67.61,4,5
Apple Valley,Chairs,563.92,7.05,5,7
Oakland,Tables,568.73,28.44,3,1
Spokane,Chairs,569.57,7.12,2,2
Anaheim,Binders,570.2,193.32999999999998,27,1.5
Long Beach,Phones,571.2,112.41999999999999,23,4.6
Bossier City,Storage,572.58,34.35,6,2
Tucson,Chairs,573.49,-61.269999999999996,7,2
Redmond,Phones,578.31,6.870000000000001,11,6
Fort Collins,Chairs,579.14,-28.96,4,2
Columbia,Phones,580.77,91.36,7,4
Richmond,Binders,581.7900000000001,277.18,54,4
La Porte,Furnishings,582.3000000000001,36.17,14,2.6666666666666665
Texas City,Tables,591.6700000000001,28.759999999999998,3,5.5
Alexandria,Storage,595.6800000000001,19.06,15,5.666666666666667
Columbia,Paper,596.8100000000001,259.24999999999994,48,4.2
Arlington,Storage,598.09,75.54999999999998,13,3.8
Philadelphia,Copiers,599.97,70,5,5
Houston,Tables,601.1,-58.76,8,3.6666666666666665
Olympia,Chairs,603.92,45.29,5,2
Lancaster,Chairs,604.97,33.67,5,4
Los Angeles,Labels,605.1999999999999,287.66999999999996,103,4
Paterson,Chairs,607.12,84.47,8,4.666666666666667
Detroit,Furnishings,609.49,80.53,22,3.1666666666666665
El Paso,Phones,616.65,34.050000000000004,7,3
Oakland,Phones,616.6800000000001,21.539999999999996,15,3.5
Tucson,Phones,617.5600000000001,66.38000000000001,12,2
Louisville,Accessories,621.4599999999999,127.84,30,4.5
Detroit,Tables,622.78,91.11000000000001,4,2.5
Tampa,Accessories,629.65,-8.45,4,3.5
Aurora,Accessories,632.26,-10.989999999999998,27,2.8
Springfield,Chairs,633.85,12.340000000000003,4,3
Seattle,Art,634.66,194.08000000000004,78,3.9615384615384617
Fort Lauderdale,Phones,636.4399999999999,73.06,8,5.5
San Angelo,Chairs,638.99,-27.689999999999998,9,3.3333333333333335
Lakeland,Phones,641.32,47.29,14,0.75
Smyrna,Chairs,643.14,56.27,4,2
Mishawaka,Chairs,647.84,32.39,8,6
Dallas,Paper,649.72,226.51999999999992,75,3.625
Newark,Art,656.87,163.48,50,3.6666666666666665
Lancaster,Appliances,662.97,65.88,14,3
Akron,Storage,665.41,66.54,2,4
Madison,Storage,665.88,13.32,6,7
Pharr,Accessories,666.4,-33.32,7,7
Apopka,Appliances,671.54,50.37,3,4
Springfield,Phones,672.8299999999999,-29.110000000000003,24,3.5
Philadelphia,Envelopes,675.74,233.79000000000002,50,4.466666666666667
Detroit,Accessories,679.5699999999999,209.31,30,3
Glendale,Phones,679.9,51.089999999999996,4,0
Lakeland,Chairs,683.95,42.75,3,5
Henderson,Furnishings,684.42,174.14000000000001,33,4.857142857142857
Milwaukee,Bookcases,687.4,48.12,5,4
Dearborn Heights,Storage,689.82,20.69,6,2
Providence,Supplies,695.16,34.76,6,5
Tallahassee,Machines,695.7,-27.83,2,3
Fresno,Tables,697.16,8.71,5,3
Miami,Accessories,697.3100000000001,76.6,27,4
Bowling Green,Storage,699.8199999999999,68.81,5,3.5
Springfield,Art,713.9300000000001,163.67,60,4.8
Georgetown,Storage,714.74,75.38000000000001,13,3
Lafayette,Storage,721.77,54.099999999999994,13,5.25
Salem,Phones,723.8599999999999,86.34,19,4
Hempstead,Chairs,726.1700000000001,76.42999999999999,7,6
Seattle,Appliances,727.03,225.38000000000002,33,4.333333333333333
Newark,Phones,729.3000000000001,117.81,12,2.6666666666666665
Philadelphia,Binders,732.5200000000001,-540.3900000000001,220,4.027027027027027
New York City,Envelopes,733.66,344.57000000000005,64,4.095238095238095
Los Angeles,Machines,735.93,101.78999999999999,11,5.666666666666667
Springfield,Furnishings,740.99,151.62,31,4.125
Seattle,Tables,742.3700000000001,153.19,7,1.3333333333333333
Fremont,Storage,750.68,37.53,2,0
League City,Chairs,766.4200000000001,-47.3,6,3
Aurora,Storage,777.6300000000001,31.26,23,3.8
Concord,Furnishings,783.9799999999999,127.03,13,4
Fairfield,Storage,795.48,7.95,7,3
Houston,Envelopes,797.37,264.46,38,4.1
Parker,Chairs,801.57,50.1,2,5
Houston,Art,803.09,135.92000000000002,96,4.08
Dallas,Accessories,817.64,10.849999999999998,34,3.5454545454545454
Detroit,Binders,818.5999999999999,385.88,68,3.625
Long Beach,Chairs,823.8399999999999,26.32,10,4.5
Jackson,Art,826.7800000000001,222.62999999999997,49,5.083333333333333
Decatur,Chairs,828.9399999999999,-47.87,8,4.333333333333333
San Jose,Storage,829.87,72.52,20,4.8
Richmond,Appliances,831.1199999999999,235.23,28,3.4
Buffalo,Supplies,835.17,16.7,7,7
Dallas,Tables,836.7,-91.06,11,2.5
Spokane,Machines,837.6,62.82,3,2
Huntsville,Chairs,839.17,-26.64,9,2.5
San Diego,Accessories,839.47,219.41999999999996,38,4.666666666666667
Cincinnati,Copiers,839.99,70,2,2
Woodstock,Chairs,845.49,-12.08,8,4
San Diego,Binders,850.46,296.11,78,4.6
San Antonio,Tables,864.47,-51.08,9,5.333333333333333
Columbus,Tables,864.74,137.95,5,4.5
Phoenix,Phones,865.44,66.39,11,4.6
El Cajon,Chairs,865.62,52.69,6,5.5
Clinton,Storage,866.85,61.599999999999994,22,3.75
Raleigh,Phones,869.2099999999999,72.84,9,4.2
Detroit,Phones,876.3199999999999,242.2,19,4.777777777777778
Tallahassee,Phones,883.02,90.52,10,4.5
Houston,Machines,885.04,83.35,6,4
Tucson,Accessories,886.95,-32.34,21,2.75
Newark,Accessories,891.52,229.57,31,3.4285714285714284
Aurora,Chairs,901.8900000000001,-53.13,7,2.6666666666666665
Mesa,Phones,903.76,90.53,20,3.3333333333333335
Florence,Storage,905.06,47.01,22,4.75
Monroe,Chairs,905.35,78.26,6,4
Oceanside,Accessories,913.9300000000001,60.01,7,5
Columbia,Chairs,914.1199999999999,64.01,13,3.5
Fairfield,Appliances,917.1999999999999,73.36,10,0.5
Pasadena,Storage,922.3499999999999,53.45,16,3
Newark,Furnishings,925.1299999999999,200.81,44,4.615384615384615
Portland,Chairs,925.3700000000001,33.72,12,3.6666666666666665
Philadelphia,Art,925.7499999999999,116.45,136,4.2
Columbus,Paper,979.2,412.04999999999995,89,4.222222222222222
Rochester,Storage,982.91,124.33000000000001,20,3.6666666666666665
Jacksonville,Paper,983.8199999999999,345.57,57,3.9
Springfield,Appliances,984.2899999999998,137.64999999999998,31,4.2727272727272725
Memphis,Chairs,985.23,117.86,4,4.5
San Diego,Furnishings,1002.6400000000002,245.88,50,4
Henderson,Storage,1008.64,41.660000000000004,16,3.5
Louisville,Phones,1022.2,109.07999999999998,17,3.6
Chester,Chairs,1023.99,-4.86,8,5
New York City,Labels,1042.72,492.44000000000005,132,4
Anaheim,Storage,1049.04,31.97,12,3
Springfield,Storage,1066.74,101.80000000000001,24,4
Pasadena,Phones,1079.92,101.99000000000001,10,4
Belleville,Storage,1082.48,10.82,8,6
Springfield,Paper,1082.8999999999999,443.2299999999999,78,4
Tampa,Storage,1083.4299999999998,38.620000000000005,11,4
Columbus,Storage,1086.69,91.88999999999999,43,3
Huntsville,Phones,1094.39,108.27,13,4.25
Gilbert,Furnishings,1095.42,37.550000000000004,16,5.25
Torrance,Tables,1114.27,41.79,4,7
Las Vegas,Phones,1123.13,70.2,9,6
San Diego,Paper,1125.68,532.07,63,3.6666666666666665
Marietta,Storage,1126.02,56.3,3,3
Fairfield,Furnishings,1129.7,25.29,19,3.6
Columbia,Furnishings,1132.5200000000002,215.13000000000002,28,4.625
Minneapolis,Storage,1135.8000000000002,42.71,16,2.75
Brentwood,Phones,1153.49,111.64,14,5.666666666666667
Detroit,Storage,1153.91,112.14,22,4
El Paso,Chairs,1173.05,-23.849999999999998,13,3.6666666666666665
Fayetteville,Appliances,1179.2,118.78999999999998,14,4.75
San Francisco,Art,1182.6600000000003,365.41999999999996,175,4.229166666666667
Charlotte,Phones,1185.4599999999998,109.94,13,3.6
Westminster,Phones,1210.23,99.56,10,3
Milwaukee,Chairs,1214.41,115.51,9,5.333333333333333
San Antonio,Accessories,1230.37,30.090000000000003,31,4.166666666666667
Columbus,Furnishings,1263.51,251.03000000000003,95,3.88
Cleveland,Storage,1264.06,-22.650000000000002,19,2.8333333333333335
Great Falls,Storage,1264.55,94.57,13,5.666666666666667
Richmond,Storage,1311.86,125.17999999999998,33,4.1
Troy,Chairs,1328.6,2.789999999999999,12,3
Jacksonville,Accessories,1349.8200000000002,157.33999999999997,33,3.4
Portland,Phones,1393.45,179.49,11,2.75
Columbus,Appliances,1407.4,201.1,35,3.727272727272727
Seattle,Machines,1407.56,108.46000000000001,6,4.333333333333333
Chicago,Paper,1446.0699999999997,492.78,149,4.282051282051282
Philadelphia,Paper,1481.0500000000004,494.44,214,3.737704918032787
Detroit,Chairs,1494.8200000000002,193.72,15,2.6666666666666665
Denver,Phones,1496.8799999999999,135.82,34,4
Jacksonville,Machines,1517,-44.26,6,3.5
Sacramento,Chairs,1524.63,52.09,6,3.5
Los Angeles,Supplies,1534.21,101.96999999999998,40,3.769230769230769
San Francisco,Appliances,1550.4399999999998,470.14000000000004,69,4.25
New York City,Supplies,1604.0900000000001,216.49,77,4.421052631578948
Seattle,Paper,1610.6299999999997,757.5600000000003,164,3.8043478260869565
Pasadena,Chairs,1611.75,-72.62,17,3
Lakeland,Storage,1626.59,74.93,9,1.3333333333333333
San Diego,Bookcases,1653.03,-35.17,13,4.25
Oklahoma City,Storage,1659.16,61.31,8,6
Lafayette,Supplies,1665.62,33.31,2,2
Carrollton,Accessories,1671.7900000000002,101.50000000000001,14,5
Denver,Storage,1682.31,-36.849999999999994,9,5.75
Springfield,Accessories,1695.75,250.58,65,3.7333333333333334
Columbus,Chairs,1725.86,-60.18000000000001,18,3.5
Oakland,Chairs,1731.2199999999998,79.22,12,4
Charlotte,Storage,1746.23,133.76999999999998,24,4.2
Seattle,Bookcases,1776.6200000000003,310.12,20,3.3333333333333335
Columbia,Storage,1783.24,64.50999999999999,30,3.4285714285714284
Chicago,Accessories,1827.1699999999998,260.96999999999997,69,4.421052631578948
Los Angeles,Art,1828.1100000000008,532.88,254,3.8333333333333335
Philadelphia,Appliances,1881.23,196.34999999999997,59,3.789473684210526
Indianapolis,Storage,1930.2400000000002,87.95000000000002,16,3.75
San Francisco,Furnishings,1981.0399999999997,652.5700000000002,157,3.4047619047619047
New York City,Appliances,2002.1000000000006,569.02,66,4.2272727272727275
Columbus,Accessories,2062.3900000000003,330.89,46,3.933333333333333
San Antonio,Chairs,2078.5499999999997,-67.18,18,2.75
Jacksonville,Phones,2102.05,142.87999999999997,49,3.4615384615384617
New York City,Art,2139.28,654.5600000000001,256,4.3428571428571425
San Antonio,Phones,2323.86,182.38,21,4.333333333333333
Houston,Storage,2383.79,-126.63,106,3.6206896551724137
Los Angeles,Appliances,2391.85,715.3300000000003,102,4.142857142857143
Seattle,Furnishings,2411.14,667.0099999999999,131,4.081081081081081
Philadelphia,Phones,2538.1,-214.16000000000003,93,4.482758620689655
Houston,Paper,2545.47,872.2900000000001,226,3.9107142857142856
Chicago,Machines,2580.87,32.730000000000004,8,2.6666666666666665
San Francisco,Accessories,2647.6899999999996,667.7499999999999,85,3.966666666666667
San Francisco,Binders,2660.5000000000005,920.76,276,3.6714285714285713
San Francisco,Paper,2728.9300000000007,1300.5300000000002,244,3.621212121212121
Dallas,Storage,2915.4199999999996,67.4,63,4.117647058823529
Seattle,Binders,2987.0800000000004,1027.1399999999999,279,4.166666666666667
Denver,Chairs,3008.16,103.94999999999999,20,3.6
Houston,Bookcases,3022.39,-114.31,16,3.6
Houston,Accessories,3112.7599999999998,480.7800000000001,86,3.6538461538461537
Dallas,Phones,3227.6499999999996,318.66,43,4.181818181818182
San Francisco,Tables,3450.61,-25.68999999999999,29,3.8181818181818183
Los Angeles,Binders,3488.2299999999996,1194.3899999999996,318,3.7333333333333334
San Diego,Storage,3503.09,245.79000000000002,65,4.3076923076923075
Philadelphia,Accessories,3547.57,348.23999999999995,107,3.8974358974358974
Jacksonville,Chairs,3604.6200000000003,-23.720000000000006,15,4
Parma,Chairs,3644.6099999999997,-41.769999999999996,20,3.5
Los Angeles,Furnishings,3858.6200000000017,953.7800000000001,205,4.660714285714286
Seattle,Accessories,3895.609999999999,770.09,108,3.8125
Los Angeles,Paper,3909.540000000002,1844.9499999999998,391,3.9065420560747666
San Diego,Phones,3949.2099999999996,364.22999999999996,56,5
San Francisco,Storage,4148.660000000001,582.3800000000001,121,3.6216216216216215
New York City,Paper,4174.260000000002,1979.7799999999995,404,3.8230088495575223
Chicago,Chairs,4192.99,-174.99,49,4.357142857142857
New York City,Accessories,4249.659999999999,923.8,139,3.6956521739130435
Chicago,Storage,4265.31,12.620000000000001,73,4.44
Los Angeles,Bookcases,4332.64,122.87,42,3.1818181818181817
San Diego,Tables,4431.73,-49.05000000000001,35,3.3333333333333335
San Diego,Chairs,4525.9400000000005,286.32000000000005,35,4
New York City,Phones,4570.809999999998,1021.78,134,4.085106382978723
New York City,Furnishings,4738.290000000001,1463.1199999999997,234,4.169014084507042
New York City,Binders,4748.689999999999,1628.209999999999,483,4.3359375
Philadelphia,Furnishings,4802.530000000001,354.4099999999999,196,3.2962962962962963
Philadelphia,Storage,4843.3600000000015,-135.96,123,4.128205128205129
San Francisco,Phones,4861.179999999999,477.6300000000001,83,3.84
Los Angeles,Accessories,4932.36,1067.36,143,4.05
Seattle,Phones,5551.259999999999,421.06,86,3.8846153846153846
Houston,Phones,5582.670000000001,586.3000000000002,102,3.6923076923076925
San Francisco,Bookcases,5998.4,73.8,54,3.6666666666666665
Chicago,Phones,6275.06,531.71,84,4.142857142857143
Seattle,Chairs,6646.739999999999,237.00999999999996,74,3.739130434782609
Houston,Chairs,7140.84,-247.50000000000006,57,4.111111111111111
San Francisco,Chairs,7188.4299999999985,261.7,55,4
Philadelphia,Chairs,7253.41,-300.18,83,3.736842105263158
Seattle,Storage,8471.199999999999,645.32,139,4.175
New York City,Chairs,9321.610000000002,874.02,112,4.1891891891891895
New York City,Bookcases,9577.779999999997,64.01,73,3.739130434782609
Los Angeles,Storage,10059.11,860.39,172,4.1063829787234045
New York City,Storage,10412.099999999995,979.4699999999997,230,4.071428571428571
Los Angeles,Tables,10573.23,262.67999999999995,83,3.576923076923077
Los Angeles,Chairs,13187.92,296.0900000000001,132,4.4
Los Angeles,Phones,18529.229999999992,1531.2399999999996,256,4.313432835820896
